	size	location
0	149	NKC
1	122	NKC
2	58	NKC
3	48	NKC
4	46	NKC
5	30	NKC
6	27	NKC
7	23	NKC
8	22	NKC
9	20	NKC
10	20	NKC
11	19	NKC
12	19	NKC
13	18	NKC
14	15	NKC
15	15	NKC
16	15	NKC
17	15	NKC
18	14	NKC
19	13	NKC
20	13	NKC
21	13	NKC
22	13	NKC
23	13	NKC
24	12	NKC
25	12	NKC
26	12	NKC
27	11	NKC
28	11	NKC
29	11	NKC
30	11	NKC
31	10	NKC
32	10	NKC
33	10	NKC
34	10	NKC
35	10	NKC
36	10	NKC
37	10	NKC
38	10	NKC
39	10	NKC
40	9	NKC
41	9	NKC
42	9	NKC
43	9	NKC
44	9	NKC
45	8	NKC
46	8	NKC
47	8	NKC
48	8	NKC
49	8	NKC
50	8	NKC
51	8	NKC
52	8	NKC
53	8	NKC
54	7	NKC
55	7	NKC
56	7	NKC
57	7	NKC
58	7	NKC
59	7	NKC
60	7	NKC
61	7	NKC
62	7	NKC
63	7	NKC
64	7	NKC
65	7	NKC
66	7	NKC
67	7	NKC
68	7	NKC
69	6	NKC
70	6	NKC
71	6	NKC
72	6	NKC
73	6	NKC
74	6	NKC
75	6	NKC
76	6	NKC
77	6	NKC
78	6	NKC
79	6	NKC
80	6	NKC
81	6	NKC
82	6	NKC
83	6	NKC
84	6	NKC
85	6	NKC
86	6	NKC
87	6	NKC
88	6	NKC
89	6	NKC
90	6	NKC
91	6	NKC
92	6	NKC
93	6	NKC
94	5	NKC
95	5	NKC
96	5	NKC
97	5	NKC
98	5	NKC
99	5	NKC
100	5	NKC
101	5	NKC
102	5	NKC
103	5	NKC
104	5	NKC
105	5	NKC
106	5	NKC
107	5	NKC
108	5	NKC
109	5	NKC
110	5	NKC
111	5	NKC
112	5	NKC
113	5	NKC
114	5	NKC
115	5	NKC
116	5	NKC
117	5	NKC
118	5	NKC
119	5	NKC
120	5	NKC
121	5	NKC
122	5	NKC
123	5	NKC
124	5	NKC
125	5	NKC
126	5	NKC
127	5	NKC
128	5	NKC
129	5	NKC
130	5	NKC
131	5	NKC
132	5	NKC
133	5	NKC
134	5	NKC
135	5	NKC
136	5	NKC
137	4	NKC
138	4	NKC
139	4	NKC
140	4	NKC
141	4	NKC
142	4	NKC
143	4	NKC
144	4	NKC
145	4	NKC
146	4	NKC
147	4	NKC
148	4	NKC
149	4	NKC
150	4	NKC
151	4	NKC
152	4	NKC
153	4	NKC
154	4	NKC
155	4	NKC
156	4	NKC
157	4	NKC
158	4	NKC
159	4	NKC
160	4	NKC
161	4	NKC
162	4	NKC
163	4	NKC
164	4	NKC
165	4	NKC
166	4	NKC
167	4	NKC
168	4	NKC
169	4	NKC
170	4	NKC
171	4	NKC
172	4	NKC
173	4	NKC
174	4	NKC
175	4	NKC
176	4	NKC
177	4	NKC
178	4	NKC
179	4	NKC
180	4	NKC
181	4	NKC
182	4	NKC
183	4	NKC
184	4	NKC
185	4	NKC
186	4	NKC
187	4	NKC
188	4	NKC
189	4	NKC
190	4	NKC
191	4	NKC
192	4	NKC
193	4	NKC
194	3	NKC
195	3	NKC
196	3	NKC
197	3	NKC
198	3	NKC
199	3	NKC
200	3	NKC
201	3	NKC
202	3	NKC
203	3	NKC
204	3	NKC
205	3	NKC
206	3	NKC
207	3	NKC
208	3	NKC
209	3	NKC
210	3	NKC
211	3	NKC
212	3	NKC
213	3	NKC
214	3	NKC
215	3	NKC
216	3	NKC
217	3	NKC
218	3	NKC
219	3	NKC
220	3	NKC
221	3	NKC
222	3	NKC
223	3	NKC
224	3	NKC
225	3	NKC
226	3	NKC
227	3	NKC
228	3	NKC
229	3	NKC
230	3	NKC
231	3	NKC
232	3	NKC
233	3	NKC
234	3	NKC
235	3	NKC
236	3	NKC
237	3	NKC
238	3	NKC
239	3	NKC
240	3	NKC
241	3	NKC
242	3	NKC
243	3	NKC
244	3	NKC
245	3	NKC
246	3	NKC
247	3	NKC
248	3	NKC
249	3	NKC
250	3	NKC
251	3	NKC
252	3	NKC
253	3	NKC
254	3	NKC
255	3	NKC
256	3	NKC
257	3	NKC
258	3	NKC
259	3	NKC
260	3	NKC
261	3	NKC
262	3	NKC
263	3	NKC
264	3	NKC
265	3	NKC
266	3	NKC
267	3	NKC
268	3	NKC
269	3	NKC
270	3	NKC
271	3	NKC
272	3	NKC
273	3	NKC
274	3	NKC
275	3	NKC
276	3	NKC
277	3	NKC
278	3	NKC
279	3	NKC
280	3	NKC
281	3	NKC
282	3	NKC
283	3	NKC
284	3	NKC
285	3	NKC
286	3	NKC
287	3	NKC
288	3	NKC
289	3	NKC
290	3	NKC
291	3	NKC
292	3	NKC
293	3	NKC
294	3	NKC
295	3	NKC
296	3	NKC
297	3	NKC
298	3	NKC
299	3	NKC
300	3	NKC
301	3	NKC
302	3	NKC
303	3	NKC
304	3	NKC
305	3	NKC
306	3	NKC
307	3	NKC
308	3	NKC
309	3	NKC
310	3	NKC
311	3	NKC
312	3	NKC
313	3	NKC
314	3	NKC
315	3	NKC
316	3	NKC
317	3	NKC
318	3	NKC
319	3	NKC
320	3	NKC
321	3	NKC
322	3	NKC
323	3	NKC
324	3	NKC
325	3	NKC
326	3	NKC
327	3	NKC
328	3	NKC
329	3	NKC
330	3	NKC
331	3	NKC
332	3	NKC
333	3	NKC
334	3	NKC
335	3	NKC
336	3	NKC
337	3	NKC
338	3	NKC
339	3	NKC
340	3	NKC
341	3	NKC
342	3	NKC
343	3	NKC
344	3	NKC
345	3	NKC
346	3	NKC
347	3	NKC
348	3	NKC
349	3	NKC
350	3	NKC
351	3	NKC
352	3	NKC
353	3	NKC
354	3	NKC
355	3	NKC
356	3	NKC
357	3	NKC
358	3	NKC
359	3	NKC
360	3	NKC
361	3	NKC
362	3	NKC
363	3	NKC
364	3	NKC
365	3	NKC
366	2	NKC
367	2	NKC
368	2	NKC
369	2	NKC
370	2	NKC
371	2	NKC
372	2	NKC
373	2	NKC
374	2	NKC
375	2	NKC
376	2	NKC
377	2	NKC
378	2	NKC
379	2	NKC
380	2	NKC
381	2	NKC
382	2	NKC
383	2	NKC
384	2	NKC
385	2	NKC
386	2	NKC
387	2	NKC
388	2	NKC
389	2	NKC
390	2	NKC
391	2	NKC
392	2	NKC
393	2	NKC
394	2	NKC
395	2	NKC
396	2	NKC
397	2	NKC
398	2	NKC
399	2	NKC
400	2	NKC
401	2	NKC
402	2	NKC
403	2	NKC
404	2	NKC
405	2	NKC
406	2	NKC
407	2	NKC
408	2	NKC
409	2	NKC
410	2	NKC
411	2	NKC
412	2	NKC
413	2	NKC
414	2	NKC
415	2	NKC
416	2	NKC
417	2	NKC
418	2	NKC
419	2	NKC
420	2	NKC
421	2	NKC
422	2	NKC
423	2	NKC
424	2	NKC
425	2	NKC
426	2	NKC
427	2	NKC
428	2	NKC
429	2	NKC
430	2	NKC
431	2	NKC
432	2	NKC
433	2	NKC
434	2	NKC
435	2	NKC
436	2	NKC
437	2	NKC
438	2	NKC
439	2	NKC
440	2	NKC
441	2	NKC
442	2	NKC
443	2	NKC
444	2	NKC
445	2	NKC
446	2	NKC
447	2	NKC
448	2	NKC
449	2	NKC
450	2	NKC
451	2	NKC
452	2	NKC
453	2	NKC
454	2	NKC
455	2	NKC
456	2	NKC
457	2	NKC
458	2	NKC
459	2	NKC
460	2	NKC
461	2	NKC
462	2	NKC
463	2	NKC
464	2	NKC
465	2	NKC
466	2	NKC
467	2	NKC
468	2	NKC
469	2	NKC
470	2	NKC
471	2	NKC
472	2	NKC
473	2	NKC
474	2	NKC
475	2	NKC
476	2	NKC
477	2	NKC
478	2	NKC
479	2	NKC
480	2	NKC
481	2	NKC
482	2	NKC
483	2	NKC
484	2	NKC
485	2	NKC
486	2	NKC
487	2	NKC
488	2	NKC
489	2	NKC
490	2	NKC
491	2	NKC
492	2	NKC
493	2	NKC
494	2	NKC
495	2	NKC
496	2	NKC
497	2	NKC
498	2	NKC
499	2	NKC
500	2	NKC
501	2	NKC
502	2	NKC
503	2	NKC
504	2	NKC
505	2	NKC
506	2	NKC
507	2	NKC
508	2	NKC
509	2	NKC
510	2	NKC
511	2	NKC
512	2	NKC
513	2	NKC
514	2	NKC
515	2	NKC
516	2	NKC
517	2	NKC
518	2	NKC
519	2	NKC
520	2	NKC
521	2	NKC
522	2	NKC
523	2	NKC
524	2	NKC
525	2	NKC
526	2	NKC
527	2	NKC
528	2	NKC
529	2	NKC
530	2	NKC
531	2	NKC
532	2	NKC
533	2	NKC
534	2	NKC
535	2	NKC
536	2	NKC
537	2	NKC
538	2	NKC
539	2	NKC
540	2	NKC
541	2	NKC
542	2	NKC
543	2	NKC
544	2	NKC
545	2	NKC
546	2	NKC
547	2	NKC
548	2	NKC
549	2	NKC
550	2	NKC
551	2	NKC
552	2	NKC
553	2	NKC
554	2	NKC
555	2	NKC
556	2	NKC
557	2	NKC
558	2	NKC
559	2	NKC
560	2	NKC
561	2	NKC
562	2	NKC
563	2	NKC
564	2	NKC
565	2	NKC
566	2	NKC
567	2	NKC
568	2	NKC
569	2	NKC
570	2	NKC
571	2	NKC
572	2	NKC
573	2	NKC
574	2	NKC
575	2	NKC
576	2	NKC
577	2	NKC
578	2	NKC
579	2	NKC
580	2	NKC
581	2	NKC
582	2	NKC
583	2	NKC
584	2	NKC
585	2	NKC
586	2	NKC
587	2	NKC
588	2	NKC
589	2	NKC
590	2	NKC
591	2	NKC
592	2	NKC
593	2	NKC
594	2	NKC
595	2	NKC
596	2	NKC
597	2	NKC
598	2	NKC
599	2	NKC
600	2	NKC
601	2	NKC
602	2	NKC
603	2	NKC
604	2	NKC
605	2	NKC
606	2	NKC
607	2	NKC
608	2	NKC
609	2	NKC
610	2	NKC
611	2	NKC
612	2	NKC
613	2	NKC
614	2	NKC
615	2	NKC
616	2	NKC
617	2	NKC
618	2	NKC
619	2	NKC
620	2	NKC
621	2	NKC
622	2	NKC
623	2	NKC
624	2	NKC
625	2	NKC
626	2	NKC
627	2	NKC
628	2	NKC
629	2	NKC
630	2	NKC
631	2	NKC
632	2	NKC
633	2	NKC
634	2	NKC
635	2	NKC
636	2	NKC
637	2	NKC
638	2	NKC
639	2	NKC
640	2	NKC
641	2	NKC
642	2	NKC
643	2	NKC
644	2	NKC
645	2	NKC
646	2	NKC
647	2	NKC
648	2	NKC
649	2	NKC
650	2	NKC
651	2	NKC
652	2	NKC
653	2	NKC
654	2	NKC
655	2	NKC
656	2	NKC
657	2	NKC
658	2	NKC
659	2	NKC
660	2	NKC
661	2	NKC
662	2	NKC
663	2	NKC
664	2	NKC
665	2	NKC
666	2	NKC
667	2	NKC
668	2	NKC
669	2	NKC
670	2	NKC
671	2	NKC
672	2	NKC
673	2	NKC
674	2	NKC
675	2	NKC
676	2	NKC
677	2	NKC
678	2	NKC
679	2	NKC
680	2	NKC
681	2	NKC
682	2	NKC
683	2	NKC
684	2	NKC
685	2	NKC
686	2	NKC
687	2	NKC
688	2	NKC
689	2	NKC
690	2	NKC
691	2	NKC
692	2	NKC
693	2	NKC
694	2	NKC
695	2	NKC
696	2	NKC
697	2	NKC
698	2	NKC
699	2	NKC
700	2	NKC
701	2	NKC
702	2	NKC
703	2	NKC
704	2	NKC
705	2	NKC
706	2	NKC
707	2	NKC
708	2	NKC
709	2	NKC
710	2	NKC
711	2	NKC
712	2	NKC
713	2	NKC
714	2	NKC
715	2	NKC
716	2	NKC
717	2	NKC
718	2	NKC
719	2	NKC
720	2	NKC
721	2	NKC
722	2	NKC
723	2	NKC
724	2	NKC
725	2	NKC
726	2	NKC
727	2	NKC
728	2	NKC
729	2	NKC
730	2	NKC
731	2	NKC
732	2	NKC
733	2	NKC
734	2	NKC
735	2	NKC
736	2	NKC
737	2	NKC
738	2	NKC
739	2	NKC
740	2	NKC
741	2	NKC
742	2	NKC
743	2	NKC
744	2	NKC
745	2	NKC
746	2	NKC
747	2	NKC
748	2	NKC
749	2	NKC
750	2	NKC
751	2	NKC
752	2	NKC
753	2	NKC
754	2	NKC
755	2	NKC
756	2	NKC
757	2	NKC
758	2	NKC
759	2	NKC
760	2	NKC
761	2	NKC
762	2	NKC
763	2	NKC
764	2	NKC
765	2	NKC
766	2	NKC
767	2	NKC
768	2	NKC
769	2	NKC
770	2	NKC
771	2	NKC
772	2	NKC
773	2	NKC
774	2	NKC
775	2	NKC
776	2	NKC
777	2	NKC
778	2	NKC
779	2	NKC
780	2	NKC
781	2	NKC
782	2	NKC
783	2	NKC
784	2	NKC
785	2	NKC
786	2	NKC
787	2	NKC
788	2	NKC
789	2	NKC
790	2	NKC
791	2	NKC
792	2	NKC
793	2	NKC
794	2	NKC
795	2	NKC
796	2	NKC
797	2	NKC
798	2	NKC
799	2	NKC
800	2	NKC
801	2	NKC
802	2	NKC
803	1	NKC
804	1	NKC
805	1	NKC
806	1	NKC
807	1	NKC
808	1	NKC
809	1	NKC
810	1	NKC
811	1	NKC
812	1	NKC
813	1	NKC
814	1	NKC
815	1	NKC
816	1	NKC
817	1	NKC
818	1	NKC
819	1	NKC
820	1	NKC
821	1	NKC
822	1	NKC
823	1	NKC
824	1	NKC
825	1	NKC
826	1	NKC
827	1	NKC
828	1	NKC
829	1	NKC
830	1	NKC
831	1	NKC
832	1	NKC
833	1	NKC
834	1	NKC
835	1	NKC
836	1	NKC
837	1	NKC
838	1	NKC
839	1	NKC
840	1	NKC
841	1	NKC
842	1	NKC
843	1	NKC
844	1	NKC
845	1	NKC
846	1	NKC
847	1	NKC
848	1	NKC
849	1	NKC
850	1	NKC
851	1	NKC
852	1	NKC
853	1	NKC
854	1	NKC
855	1	NKC
856	1	NKC
857	1	NKC
858	1	NKC
859	1	NKC
860	1	NKC
861	1	NKC
862	1	NKC
863	1	NKC
864	1	NKC
865	1	NKC
866	1	NKC
867	1	NKC
868	1	NKC
869	1	NKC
870	1	NKC
871	1	NKC
872	1	NKC
873	1	NKC
874	1	NKC
875	1	NKC
876	1	NKC
877	1	NKC
878	1	NKC
879	1	NKC
880	1	NKC
881	1	NKC
882	1	NKC
883	1	NKC
884	1	NKC
885	1	NKC
886	1	NKC
887	1	NKC
888	1	NKC
889	1	NKC
890	1	NKC
891	1	NKC
892	1	NKC
893	1	NKC
894	1	NKC
895	1	NKC
896	1	NKC
897	1	NKC
898	1	NKC
899	1	NKC
900	1	NKC
901	1	NKC
902	1	NKC
903	1	NKC
904	1	NKC
905	1	NKC
906	1	NKC
907	1	NKC
908	1	NKC
909	1	NKC
910	1	NKC
911	1	NKC
912	1	NKC
913	1	NKC
914	1	NKC
915	1	NKC
916	1	NKC
917	1	NKC
918	1	NKC
919	1	NKC
920	1	NKC
921	1	NKC
922	1	NKC
923	1	NKC
924	1	NKC
925	1	NKC
926	1	NKC
927	1	NKC
928	1	NKC
929	1	NKC
930	1	NKC
931	1	NKC
932	1	NKC
933	1	NKC
934	1	NKC
935	1	NKC
936	1	NKC
937	1	NKC
938	1	NKC
939	1	NKC
940	1	NKC
941	1	NKC
942	1	NKC
943	1	NKC
944	1	NKC
945	1	NKC
946	1	NKC
947	1	NKC
948	1	NKC
949	1	NKC
950	1	NKC
951	1	NKC
952	1	NKC
953	1	NKC
954	1	NKC
955	1	NKC
956	1	NKC
957	1	NKC
958	1	NKC
959	1	NKC
960	1	NKC
961	1	NKC
962	1	NKC
963	1	NKC
964	1	NKC
965	1	NKC
966	1	NKC
967	1	NKC
968	1	NKC
969	1	NKC
970	1	NKC
971	1	NKC
972	1	NKC
973	1	NKC
974	1	NKC
975	1	NKC
976	1	NKC
977	1	NKC
978	1	NKC
979	1	NKC
980	1	NKC
981	1	NKC
982	1	NKC
983	1	NKC
984	1	NKC
985	1	NKC
986	1	NKC
987	1	NKC
988	1	NKC
989	1	NKC
990	1	NKC
991	1	NKC
992	1	NKC
993	1	NKC
994	1	NKC
995	1	NKC
996	1	NKC
997	1	NKC
998	1	NKC
999	1	NKC
1000	1	NKC
1001	1	NKC
1002	1	NKC
1003	1	NKC
1004	1	NKC
1005	1	NKC
1006	1	NKC
1007	1	NKC
1008	1	NKC
1009	1	NKC
1010	1	NKC
1011	1	NKC
1012	1	NKC
1013	1	NKC
1014	1	NKC
1015	1	NKC
1016	1	NKC
1017	1	NKC
1018	1	NKC
1019	1	NKC
1020	1	NKC
1021	1	NKC
1022	1	NKC
1023	1	NKC
1024	1	NKC
1025	1	NKC
1026	1	NKC
1027	1	NKC
1028	1	NKC
1029	1	NKC
1030	1	NKC
1031	1	NKC
1032	1	NKC
1033	1	NKC
1034	1	NKC
1035	1	NKC
1036	1	NKC
1037	1	NKC
1038	1	NKC
1039	1	NKC
1040	1	NKC
1041	1	NKC
1042	1	NKC
1043	1	NKC
1044	1	NKC
1045	1	NKC
1046	1	NKC
1047	1	NKC
1048	1	NKC
1049	1	NKC
1050	1	NKC
1051	1	NKC
1052	1	NKC
1053	1	NKC
1054	1	NKC
1055	1	NKC
1056	1	NKC
1057	1	NKC
1058	1	NKC
1059	1	NKC
1060	1	NKC
1061	1	NKC
1062	1	NKC
1063	1	NKC
1064	1	NKC
1065	1	NKC
1066	1	NKC
1067	1	NKC
1068	1	NKC
1069	1	NKC
1070	1	NKC
1071	1	NKC
1072	1	NKC
1073	1	NKC
1074	1	NKC
1075	1	NKC
1076	1	NKC
1077	1	NKC
1078	1	NKC
1079	1	NKC
1080	1	NKC
1081	1	NKC
1082	1	NKC
1083	1	NKC
1084	1	NKC
1085	1	NKC
1086	1	NKC
1087	1	NKC
1088	1	NKC
1089	1	NKC
1090	1	NKC
1091	1	NKC
1092	1	NKC
1093	1	NKC
1094	1	NKC
1095	1	NKC
1096	1	NKC
1097	1	NKC
1098	1	NKC
1099	1	NKC
1100	1	NKC
1101	1	NKC
1102	1	NKC
1103	1	NKC
1104	1	NKC
1105	1	NKC
1106	1	NKC
1107	1	NKC
1108	1	NKC
1109	1	NKC
1110	1	NKC
1111	1	NKC
1112	1	NKC
1113	1	NKC
1114	1	NKC
1115	1	NKC
1116	1	NKC
1117	1	NKC
1118	1	NKC
1119	1	NKC
1120	1	NKC
1121	1	NKC
1122	1	NKC
1123	1	NKC
1124	1	NKC
1125	1	NKC
1126	1	NKC
1127	1	NKC
1128	1	NKC
1129	1	NKC
1130	1	NKC
1131	1	NKC
1132	1	NKC
1133	1	NKC
1134	1	NKC
1135	1	NKC
1136	1	NKC
1137	1	NKC
1138	1	NKC
1139	1	NKC
1140	1	NKC
1141	1	NKC
1142	1	NKC
1143	1	NKC
1144	1	NKC
1145	1	NKC
1146	1	NKC
1147	1	NKC
1148	1	NKC
1149	1	NKC
1150	1	NKC
1151	1	NKC
1152	1	NKC
1153	1	NKC
1154	1	NKC
1155	1	NKC
1156	1	NKC
1157	1	NKC
1158	1	NKC
1159	1	NKC
1160	1	NKC
1161	1	NKC
1162	1	NKC
1163	1	NKC
1164	1	NKC
1165	1	NKC
1166	1	NKC
1167	1	NKC
1168	1	NKC
1169	1	NKC
1170	1	NKC
1171	1	NKC
1172	1	NKC
1173	1	NKC
1174	1	NKC
1175	1	NKC
1176	1	NKC
1177	1	NKC
1178	1	NKC
1179	1	NKC
1180	1	NKC
1181	1	NKC
1182	1	NKC
1183	1	NKC
1184	1	NKC
1185	1	NKC
1186	1	NKC
1187	1	NKC
1188	1	NKC
1189	1	NKC
1190	1	NKC
1191	1	NKC
1192	1	NKC
1193	1	NKC
1194	1	NKC
1195	1	NKC
1196	1	NKC
1197	1	NKC
1198	1	NKC
1199	1	NKC
1200	1	NKC
1201	1	NKC
1202	1	NKC
1203	1	NKC
1204	1	NKC
1205	1	NKC
1206	1	NKC
1207	1	NKC
1208	1	NKC
1209	1	NKC
1210	1	NKC
1211	1	NKC
1212	1	NKC
1213	1	NKC
1214	1	NKC
1215	1	NKC
1216	1	NKC
1217	1	NKC
1218	1	NKC
1219	1	NKC
1220	1	NKC
1221	1	NKC
1222	1	NKC
1223	1	NKC
1224	1	NKC
1225	1	NKC
1226	1	NKC
1227	1	NKC
1228	1	NKC
1229	1	NKC
1230	1	NKC
1231	1	NKC
1232	1	NKC
1233	1	NKC
1234	1	NKC
1235	1	NKC
1236	1	NKC
1237	1	NKC
1238	1	NKC
1239	1	NKC
1240	1	NKC
1241	1	NKC
1242	1	NKC
1243	1	NKC
1244	1	NKC
1245	1	NKC
1246	1	NKC
1247	1	NKC
1248	1	NKC
1249	1	NKC
1250	1	NKC
1251	1	NKC
1252	1	NKC
1253	1	NKC
1254	1	NKC
1255	1	NKC
1256	1	NKC
1257	1	NKC
1258	1	NKC
1259	1	NKC
1260	1	NKC
1261	1	NKC
1262	1	NKC
1263	1	NKC
1264	1	NKC
1265	1	NKC
1266	1	NKC
1267	1	NKC
1268	1	NKC
1269	1	NKC
1270	1	NKC
1271	1	NKC
1272	1	NKC
1273	1	NKC
1274	1	NKC
1275	1	NKC
1276	1	NKC
1277	1	NKC
1278	1	NKC
1279	1	NKC
1280	1	NKC
1281	1	NKC
1282	1	NKC
1283	1	NKC
1284	1	NKC
1285	1	NKC
1286	1	NKC
1287	1	NKC
1288	1	NKC
1289	1	NKC
1290	1	NKC
1291	1	NKC
1292	1	NKC
1293	1	NKC
1294	1	NKC
1295	1	NKC
1296	1	NKC
1297	1	NKC
1298	1	NKC
1299	1	NKC
1300	1	NKC
1301	1	NKC
1302	1	NKC
1303	1	NKC
1304	1	NKC
1305	1	NKC
1306	1	NKC
1307	1	NKC
1308	1	NKC
1309	1	NKC
1310	1	NKC
1311	1	NKC
1312	1	NKC
1313	1	NKC
1314	1	NKC
1315	1	NKC
1316	1	NKC
1317	1	NKC
1318	1	NKC
1319	1	NKC
1320	1	NKC
1321	1	NKC
1322	1	NKC
1323	1	NKC
1324	1	NKC
1325	1	NKC
1326	1	NKC
1327	1	NKC
1328	1	NKC
1329	1	NKC
1330	1	NKC
1331	1	NKC
1332	1	NKC
1333	1	NKC
1334	1	NKC
1335	1	NKC
1336	1	NKC
1337	1	NKC
1338	1	NKC
1339	1	NKC
1340	1	NKC
1341	1	NKC
1342	1	NKC
1343	1	NKC
1344	1	NKC
1345	1	NKC
1346	1	NKC
1347	1	NKC
1348	1	NKC
1349	1	NKC
1350	1	NKC
1351	1	NKC
1352	1	NKC
1353	1	NKC
1354	1	NKC
1355	1	NKC
1356	1	NKC
1357	1	NKC
1358	1	NKC
1359	1	NKC
1360	1	NKC
1361	1	NKC
1362	1	NKC
1363	1	NKC
1364	1	NKC
1365	1	NKC
1366	1	NKC
1367	1	NKC
1368	1	NKC
1369	1	NKC
1370	1	NKC
1371	1	NKC
1372	1	NKC
1373	1	NKC
1374	1	NKC
1375	1	NKC
1376	1	NKC
1377	1	NKC
1378	1	NKC
1379	1	NKC
1380	1	NKC
1381	1	NKC
1382	1	NKC
1383	1	NKC
1384	1	NKC
1385	1	NKC
1386	1	NKC
1387	1	NKC
1388	1	NKC
1389	1	NKC
1390	1	NKC
1391	1	NKC
1392	1	NKC
1393	1	NKC
1394	1	NKC
1395	1	NKC
1396	1	NKC
1397	1	NKC
1398	1	NKC
1399	1	NKC
1400	1	NKC
1401	1	NKC
1402	1	NKC
1403	1	NKC
1404	1	NKC
1405	1	NKC
1406	1	NKC
1407	1	NKC
1408	1	NKC
1409	1	NKC
1410	1	NKC
1411	1	NKC
1412	1	NKC
1413	1	NKC
1414	1	NKC
1415	1	NKC
1416	1	NKC
1417	1	NKC
1418	1	NKC
1419	1	NKC
1420	1	NKC
1421	1	NKC
1422	1	NKC
1423	1	NKC
1424	1	NKC
1425	1	NKC
1426	1	NKC
1427	1	NKC
1428	1	NKC
1429	1	NKC
1430	1	NKC
1431	1	NKC
1432	1	NKC
1433	1	NKC
1434	1	NKC
1435	1	NKC
1436	1	NKC
1437	1	NKC
1438	1	NKC
1439	1	NKC
1440	1	NKC
1441	1	NKC
1442	1	NKC
1443	1	NKC
1444	1	NKC
1445	1	NKC
1446	1	NKC
1447	1	NKC
1448	1	NKC
1449	1	NKC
1450	1	NKC
1451	1	NKC
1452	1	NKC
1453	1	NKC
1454	1	NKC
1455	1	NKC
1456	1	NKC
1457	1	NKC
1458	1	NKC
1459	1	NKC
1460	1	NKC
1461	1	NKC
1462	1	NKC
1463	1	NKC
1464	1	NKC
1465	1	NKC
1466	1	NKC
1467	1	NKC
1468	1	NKC
1469	1	NKC
1470	1	NKC
1471	1	NKC
1472	1	NKC
1473	1	NKC
1474	1	NKC
1475	1	NKC
1476	1	NKC
1477	1	NKC
1478	1	NKC
1479	1	NKC
1480	1	NKC
1481	1	NKC
1482	1	NKC
1483	1	NKC
1484	1	NKC
1485	1	NKC
1486	1	NKC
1487	1	NKC
1488	1	NKC
1489	1	NKC
1490	1	NKC
1491	1	NKC
1492	1	NKC
1493	1	NKC
1494	1	NKC
1495	1	NKC
1496	1	NKC
1497	1	NKC
1498	1	NKC
1499	1	NKC
1500	1	NKC
1501	1	NKC
1502	1	NKC
1503	1	NKC
1504	1	NKC
1505	1	NKC
1506	1	NKC
1507	1	NKC
1508	1	NKC
1509	1	NKC
1510	1	NKC
1511	1	NKC
1512	1	NKC
1513	1	NKC
1514	1	NKC
1515	1	NKC
1516	1	NKC
1517	1	NKC
1518	1	NKC
1519	1	NKC
1520	1	NKC
1521	1	NKC
1522	1	NKC
1523	1	NKC
1524	1	NKC
1525	1	NKC
1526	1	NKC
1527	1	NKC
1528	1	NKC
1529	1	NKC
1530	1	NKC
1531	1	NKC
1532	1	NKC
1533	1	NKC
1534	1	NKC
1535	1	NKC
1536	1	NKC
1537	1	NKC
1538	1	NKC
1539	1	NKC
1540	1	NKC
1541	1	NKC
1542	1	NKC
1543	1	NKC
1544	1	NKC
1545	1	NKC
1546	1	NKC
1547	1	NKC
1548	1	NKC
1549	1	NKC
1550	1	NKC
1551	1	NKC
1552	1	NKC
1553	1	NKC
1554	1	NKC
1555	1	NKC
1556	1	NKC
1557	1	NKC
1558	1	NKC
1559	1	NKC
1560	1	NKC
1561	1	NKC
1562	1	NKC
1563	1	NKC
1564	1	NKC
1565	1	NKC
1566	1	NKC
1567	1	NKC
1568	1	NKC
1569	1	NKC
1570	1	NKC
1571	1	NKC
1572	1	NKC
1573	1	NKC
1574	1	NKC
1575	1	NKC
1576	1	NKC
1577	1	NKC
1578	1	NKC
1579	1	NKC
1580	1	NKC
1581	1	NKC
1582	1	NKC
1583	1	NKC
1584	1	NKC
1585	1	NKC
1586	1	NKC
1587	1	NKC
1588	1	NKC
1589	1	NKC
1590	1	NKC
1591	1	NKC
1592	1	NKC
1593	1	NKC
1594	1	NKC
1595	1	NKC
1596	1	NKC
1597	1	NKC
1598	1	NKC
1599	1	NKC
1600	1	NKC
1601	1	NKC
1602	1	NKC
1603	1	NKC
1604	1	NKC
1605	1	NKC
1606	1	NKC
1607	1	NKC
1608	1	NKC
1609	1	NKC
1610	1	NKC
1611	1	NKC
1612	1	NKC
1613	1	NKC
1614	1	NKC
1615	1	NKC
1616	1	NKC
1617	1	NKC
1618	1	NKC
1619	1	NKC
1620	1	NKC
1621	1	NKC
1622	1	NKC
1623	1	NKC
1624	1	NKC
1625	1	NKC
1626	1	NKC
1627	1	NKC
1628	1	NKC
1629	1	NKC
1630	1	NKC
1631	1	NKC
1632	1	NKC
1633	1	NKC
1634	1	NKC
1635	1	NKC
1636	1	NKC
1637	1	NKC
1638	1	NKC
1639	1	NKC
1640	1	NKC
1641	1	NKC
1642	1	NKC
1643	1	NKC
1644	1	NKC
1645	1	NKC
1646	1	NKC
1647	1	NKC
1648	1	NKC
1649	1	NKC
1650	1	NKC
1651	1	NKC
1652	1	NKC
1653	1	NKC
1654	1	NKC
1655	1	NKC
1656	1	NKC
1657	1	NKC
1658	1	NKC
1659	1	NKC
1660	1	NKC
1661	1	NKC
1662	1	NKC
1663	1	NKC
1664	1	NKC
1665	1	NKC
1666	1	NKC
1667	1	NKC
1668	1	NKC
1669	1	NKC
1670	1	NKC
1671	1	NKC
1672	1	NKC
1673	1	NKC
1674	1	NKC
1675	1	NKC
1676	1	NKC
1677	1	NKC
1678	1	NKC
1679	1	NKC
1680	1	NKC
1681	1	NKC
1682	1	NKC
1683	1	NKC
1684	1	NKC
1685	1	NKC
1686	1	NKC
1687	1	NKC
1688	1	NKC
1689	1	NKC
1690	1	NKC
1691	1	NKC
1692	1	NKC
1693	1	NKC
1694	1	NKC
1695	1	NKC
1696	1	NKC
1697	1	NKC
1698	1	NKC
1699	1	NKC
1700	1	NKC
1701	1	NKC
1702	1	NKC
1703	1	NKC
1704	1	NKC
1705	1	NKC
1706	1	NKC
1707	1	NKC
1708	1	NKC
1709	1	NKC
1710	1	NKC
1711	1	NKC
1712	1	NKC
1713	1	NKC
1714	1	NKC
1715	1	NKC
1716	1	NKC
1717	1	NKC
1718	1	NKC
1719	1	NKC
1720	1	NKC
1721	1	NKC
1722	1	NKC
1723	1	NKC
1724	1	NKC
1725	1	NKC
1726	1	NKC
1727	1	NKC
1728	1	NKC
1729	1	NKC
1730	1	NKC
1731	1	NKC
1732	1	NKC
1733	1	NKC
1734	1	NKC
1735	1	NKC
1736	1	NKC
1737	1	NKC
1738	1	NKC
1739	1	NKC
1740	1	NKC
1741	1	NKC
1742	1	NKC
1743	1	NKC
1744	1	NKC
1745	1	NKC
1746	1	NKC
1747	1	NKC
1748	1	NKC
1749	1	NKC
1750	1	NKC
1751	1	NKC
1752	1	NKC
1753	1	NKC
1754	1	NKC
1755	1	NKC
1756	1	NKC
1757	1	NKC
1758	1	NKC
1759	1	NKC
1760	1	NKC
1761	1	NKC
1762	1	NKC
1763	1	NKC
1764	1	NKC
1765	1	NKC
1766	1	NKC
1767	1	NKC
1768	1	NKC
1769	1	NKC
1770	1	NKC
1771	1	NKC
1772	1	NKC
1773	1	NKC
1774	1	NKC
1775	1	NKC
1776	1	NKC
1777	1	NKC
1778	1	NKC
1779	1	NKC
1780	1	NKC
1781	1	NKC
1782	1	NKC
1783	1	NKC
1784	1	NKC
1785	1	NKC
1786	1	NKC
1787	1	NKC
1788	1	NKC
1789	1	NKC
1790	1	NKC
1791	1	NKC
1792	1	NKC
1793	1	NKC
1794	1	NKC
1795	1	NKC
1796	1	NKC
1797	1	NKC
1798	1	NKC
1799	1	NKC
1800	1	NKC
1801	1	NKC
1802	1	NKC
1803	1	NKC
1804	1	NKC
1805	1	NKC
1806	1	NKC
1807	1	NKC
1808	1	NKC
1809	1	NKC
1810	1	NKC
1811	1	NKC
1812	1	NKC
1813	1	NKC
1814	1	NKC
1815	1	NKC
1816	1	NKC
1817	1	NKC
1818	1	NKC
1819	1	NKC
1820	1	NKC
1821	1	NKC
1822	1	NKC
1823	1	NKC
1824	1	NKC
1825	1	NKC
1826	1	NKC
1827	1	NKC
1828	1	NKC
1829	1	NKC
1830	1	NKC
1831	1	NKC
1832	1	NKC
1833	1	NKC
1834	1	NKC
1835	1	NKC
1836	1	NKC
1837	1	NKC
1838	1	NKC
1839	1	NKC
1840	1	NKC
1841	1	NKC
1842	1	NKC
1843	1	NKC
1844	1	NKC
1845	1	NKC
1846	1	NKC
1847	1	NKC
1848	1	NKC
1849	1	NKC
1850	1	NKC
1851	1	NKC
1852	1	NKC
1853	1	NKC
1854	1	NKC
1855	1	NKC
1856	1	NKC
1857	1	NKC
1858	1	NKC
1859	1	NKC
1860	1	NKC
1861	1	NKC
1862	1	NKC
1863	1	NKC
1864	1	NKC
1865	1	NKC
1866	1	NKC
1867	1	NKC
1868	1	NKC
1869	1	NKC
1870	1	NKC
1871	1	NKC
1872	1	NKC
1873	1	NKC
1874	1	NKC
1875	1	NKC
1876	1	NKC
1877	1	NKC
1878	1	NKC
1879	1	NKC
1880	1	NKC
1881	1	NKC
1882	1	NKC
1883	1	NKC
1884	1	NKC
1885	1	NKC
1886	1	NKC
1887	1	NKC
1888	1	NKC
1889	1	NKC
1890	1	NKC
1891	1	NKC
1892	1	NKC
1893	1	NKC
1894	1	NKC
1895	1	NKC
1896	1	NKC
1897	1	NKC
1898	1	NKC
1899	1	NKC
1900	1	NKC
1901	1	NKC
1902	1	NKC
1903	1	NKC
1904	1	NKC
1905	1	NKC
1906	1	NKC
1907	1	NKC
1908	1	NKC
1909	1	NKC
1910	1	NKC
1911	1	NKC
1912	1	NKC
1913	1	NKC
1914	1	NKC
1915	1	NKC
1916	1	NKC
1917	1	NKC
1918	1	NKC
1919	1	NKC
1920	1	NKC
1921	1	NKC
1922	1	NKC
1923	1	NKC
1924	1	NKC
1925	1	NKC
1926	1	NKC
1927	1	NKC
1928	1	NKC
1929	1	NKC
1930	1	NKC
1931	1	NKC
1932	1	NKC
1933	1	NKC
1934	1	NKC
1935	1	NKC
1936	1	NKC
1937	1	NKC
1938	1	NKC
1939	1	NKC
1940	1	NKC
1941	1	NKC
1942	1	NKC
1943	1	NKC
1944	1	NKC
1945	1	NKC
1946	1	NKC
1947	1	NKC
1948	1	NKC
1949	1	NKC
1950	1	NKC
1951	1	NKC
1952	1	NKC
1953	1	NKC
1954	1	NKC
1955	1	NKC
1956	1	NKC
1957	1	NKC
1958	1	NKC
1959	1	NKC
1960	1	NKC
1961	1	NKC
1962	1	NKC
1963	1	NKC
1964	1	NKC
1965	1	NKC
1966	1	NKC
1967	1	NKC
1968	1	NKC
1969	1	NKC
1970	1	NKC
1971	1	NKC
1972	1	NKC
1973	1	NKC
1974	1	NKC
1975	1	NKC
1976	1	NKC
1977	1	NKC
1978	1	NKC
1979	1	NKC
1980	1	NKC
1981	1	NKC
1982	1	NKC
1983	1	NKC
1984	1	NKC
1985	1	NKC
1986	1	NKC
1987	1	NKC
1988	1	NKC
1989	1	NKC
1990	1	NKC
1991	1	NKC
1992	1	NKC
1993	1	NKC
1994	1	NKC
1995	1	NKC
1996	1	NKC
1997	1	NKC
1998	1	NKC
1999	1	NKC
2000	1	NKC
2001	1	NKC
2002	1	NKC
2003	1	NKC
2004	1	NKC
2005	1	NKC
2006	1	NKC
2007	1	NKC
2008	1	NKC
2009	1	NKC
2010	1	NKC
2011	1	NKC
2012	1	NKC
2013	1	NKC
2014	1	NKC
2015	1	NKC
2016	1	NKC
2017	1	NKC
2018	1	NKC
2019	1	NKC
2020	1	NKC
2021	1	NKC
2022	1	NKC
2023	1	NKC
2024	1	NKC
2025	1	NKC
2026	1	NKC
2027	1	NKC
2028	1	NKC
2029	1	NKC
2030	1	NKC
2031	1	NKC
2032	1	NKC
2033	1	NKC
2034	1	NKC
2035	1	NKC
2036	1	NKC
2037	1	NKC
2038	1	NKC
2039	1	NKC
2040	1	NKC
2041	1	NKC
2042	1	NKC
2043	1	NKC
2044	1	NKC
2045	1	NKC
2046	1	NKC
2047	1	NKC
2048	1	NKC
2049	1	NKC
2050	1	NKC
2051	1	NKC
2052	1	NKC
2053	1	NKC
2054	1	NKC
2055	1	NKC
2056	1	NKC
2057	1	NKC
2058	1	NKC
2059	1	NKC
2060	1	NKC
2061	1	NKC
2062	1	NKC
2063	1	NKC
2064	1	NKC
2065	1	NKC
2066	1	NKC
2067	1	NKC
2068	1	NKC
2069	1	NKC
2070	1	NKC
2071	1	NKC
2072	1	NKC
2073	1	NKC
2074	1	NKC
2075	1	NKC
2076	1	NKC
2077	1	NKC
2078	1	NKC
2079	1	NKC
2080	1	NKC
2081	1	NKC
2082	1	NKC
2083	1	NKC
2084	1	NKC
2085	1	NKC
2086	1	NKC
2087	1	NKC
2088	1	NKC
2089	1	NKC
2090	1	NKC
2091	1	NKC
2092	1	NKC
2093	1	NKC
2094	1	NKC
2095	1	NKC
2096	1	NKC
2097	1	NKC
2098	1	NKC
2099	1	NKC
2100	1	NKC
2101	1	NKC
2102	1	NKC
2103	1	NKC
2104	1	NKC
2105	1	NKC
2106	1	NKC
2107	1	NKC
2108	1	NKC
2109	1	NKC
2110	1	NKC
2111	1	NKC
2112	1	NKC
2113	1	NKC
2114	1	NKC
2115	1	NKC
2116	1	NKC
2117	1	NKC
2118	1	NKC
2119	1	NKC
2120	1	NKC
2121	1	NKC
2122	1	NKC
2123	1	NKC
2124	1	NKC
2125	1	NKC
2126	1	NKC
2127	1	NKC
2128	1	NKC
2129	1	NKC
2130	1	NKC
2131	1	NKC
2132	1	NKC
2133	1	NKC
2134	1	NKC
2135	1	NKC
2136	1	NKC
2137	1	NKC
2138	1	NKC
2139	1	NKC
2140	1	NKC
2141	1	NKC
2142	1	NKC
2143	1	NKC
2144	1	NKC
2145	1	NKC
2146	1	NKC
2147	1	NKC
2148	1	NKC
2149	1	NKC
2150	1	NKC
2151	1	NKC
2152	1	NKC
2153	1	NKC
2154	1	NKC
2155	1	NKC
2156	1	NKC
2157	1	NKC
2158	1	NKC
2159	1	NKC
2160	1	NKC
2161	1	NKC
2162	1	NKC
2163	1	NKC
2164	1	NKC
2165	1	NKC
2166	1	NKC
2167	1	NKC
2168	1	NKC
2169	1	NKC
2170	1	NKC
2171	1	NKC
2172	1	NKC
2173	1	NKC
2174	1	NKC
2175	1	NKC
2176	1	NKC
2177	1	NKC
2178	1	NKC
2179	1	NKC
2180	1	NKC
2181	1	NKC
2182	1	NKC
2183	1	NKC
2184	1	NKC
2185	1	NKC
2186	1	NKC
2187	1	NKC
2188	1	NKC
2189	1	NKC
2190	1	NKC
2191	1	NKC
2192	1	NKC
2193	1	NKC
2194	1	NKC
2195	1	NKC
2196	1	NKC
2197	1	NKC
2198	1	NKC
2199	1	NKC
2200	1	NKC
2201	1	NKC
2202	1	NKC
2203	1	NKC
2204	1	NKC
2205	1	NKC
2206	1	NKC
2207	1	NKC
2208	1	NKC
2209	1	NKC
2210	1	NKC
2211	1	NKC
2212	1	NKC
2213	1	NKC
2214	1	NKC
2215	1	NKC
2216	1	NKC
2217	1	NKC
2218	1	NKC
2219	1	NKC
2220	1	NKC
2221	1	NKC
2222	1	NKC
2223	1	NKC
2224	1	NKC
2225	1	NKC
2226	1	NKC
2227	1	NKC
2228	1	NKC
2229	1	NKC
2230	1	NKC
2231	1	NKC
2232	1	NKC
2233	1	NKC
2234	1	NKC
2235	1	NKC
2236	1	NKC
2237	1	NKC
2238	1	NKC
2239	1	NKC
2240	1	NKC
2241	1	NKC
2242	1	NKC
2243	1	NKC
2244	1	NKC
2245	1	NKC
2246	1	NKC
2247	1	NKC
2248	1	NKC
2249	1	NKC
2250	1	NKC
2251	1	NKC
2252	1	NKC
2253	1	NKC
2254	1	NKC
2255	1	NKC
2256	1	NKC
2257	1	NKC
2258	1	NKC
2259	1	NKC
2260	1	NKC
2261	1	NKC
2262	1	NKC
2263	1	NKC
2264	1	NKC
2265	1	NKC
2266	1	NKC
2267	1	NKC
2268	1	NKC
2269	1	NKC
2270	1	NKC
2271	1	NKC
2272	1	NKC
2273	1	NKC
2274	1	NKC
2275	1	NKC
2276	1	NKC
2277	1	NKC
2278	1	NKC
2279	1	NKC
2280	1	NKC
2281	1	NKC
2282	1	NKC
2283	1	NKC
2284	1	NKC
2285	1	NKC
2286	1	NKC
2287	1	NKC
2288	1	NKC
2289	1	NKC
2290	1	NKC
2291	1	NKC
2292	1	NKC
2293	1	NKC
2294	1	NKC
2295	1	NKC
2296	1	NKC
2297	1	NKC
2298	1	NKC
2299	1	NKC
2300	1	NKC
2301	1	NKC
2302	1	NKC
2303	1	NKC
2304	1	NKC
2305	1	NKC
2306	1	NKC
2307	1	NKC
2308	1	NKC
2309	1	NKC
2310	1	NKC
2311	1	NKC
2312	1	NKC
2313	1	NKC
2314	1	NKC
2315	1	NKC
2316	1	NKC
2317	1	NKC
2318	1	NKC
2319	1	NKC
2320	1	NKC
2321	1	NKC
2322	1	NKC
2323	1	NKC
2324	1	NKC
2325	1	NKC
2326	1	NKC
2327	1	NKC
2328	1	NKC
2329	1	NKC
2330	1	NKC
2331	1	NKC
2332	1	NKC
2333	1	NKC
2334	1	NKC
2335	1	NKC
2336	1	NKC
2337	1	NKC
2338	1	NKC
2339	1	NKC
2340	1	NKC
2341	1	NKC
2342	1	NKC
2343	1	NKC
2344	1	NKC
2345	1	NKC
2346	1	NKC
2347	1	NKC
2348	1	NKC
2349	1	NKC
2350	1	NKC
2351	1	NKC
2352	1	NKC
2353	1	NKC
2354	1	NKC
2355	1	NKC
2356	1	NKC
2357	1	NKC
2358	1	NKC
2359	1	NKC
2360	1	NKC
2361	1	NKC
2362	1	NKC
2363	1	NKC
2364	1	NKC
2365	1	NKC
2366	1	NKC
2367	1	NKC
2368	1	NKC
2369	1	NKC
2370	1	NKC
2371	1	NKC
2372	1	NKC
2373	1	NKC
2374	1	NKC
2375	1	NKC
2376	1	NKC
2377	1	NKC
2378	1	NKC
2379	1	NKC
2380	1	NKC
2381	1	NKC
2382	1	NKC
2383	1	NKC
2384	1	NKC
2385	1	NKC
2386	1	NKC
2387	1	NKC
2388	1	NKC
2389	1	NKC
2390	1	NKC
2391	1	NKC
2392	1	NKC
2393	1	NKC
2394	1	NKC
2395	1	NKC
2396	1	NKC
2397	1	NKC
2398	1	NKC
2399	1	NKC
2400	1	NKC
2401	1	NKC
2402	1	NKC
2403	1	NKC
2404	1	NKC
2405	1	NKC
2406	1	NKC
2407	1	NKC
2408	1	NKC
2409	1	NKC
2410	1	NKC
2411	1	NKC
2412	1	NKC
2413	1	NKC
2414	1	NKC
2415	1	NKC
2416	1	NKC
2417	1	NKC
2418	1	NKC
2419	1	NKC
2420	1	NKC
2421	1	NKC
2422	1	NKC
2423	1	NKC
2424	1	NKC
2425	1	NKC
2426	1	NKC
2427	1	NKC
2428	1	NKC
2429	1	NKC
2430	1	NKC
2431	1	NKC
2432	1	NKC
2433	1	NKC
2434	1	NKC
2435	1	NKC
2436	1	NKC
2437	1	NKC
2438	1	NKC
2439	1	NKC
2440	1	NKC
2441	1	NKC
2442	1	NKC
2443	1	NKC
2444	1	NKC
2445	1	NKC
2446	1	NKC
2447	1	NKC
2448	1	NKC
2449	1	NKC
2450	1	NKC
2451	1	NKC
2452	1	NKC
2453	1	NKC
2454	1	NKC
2455	1	NKC
2456	1	NKC
2457	1	NKC
2458	1	NKC
2459	1	NKC
2460	1	NKC
2461	1	NKC
2462	1	NKC
2463	1	NKC
2464	1	NKC
2465	1	NKC
2466	1	NKC
2467	1	NKC
2468	1	NKC
2469	1	NKC
2470	1	NKC
2471	1	NKC
2472	1	NKC
2473	1	NKC
2474	1	NKC
2475	1	NKC
2476	1	NKC
2477	1	NKC
2478	1	NKC
2479	1	NKC
2480	1	NKC
2481	1	NKC
2482	1	NKC
2483	1	NKC
2484	1	NKC
2485	1	NKC
2486	1	NKC
2487	1	NKC
2488	1	NKC
2489	1	NKC
2490	1	NKC
2491	1	NKC
2492	1	NKC
2493	1	NKC
2494	1	NKC
2495	1	NKC
2496	1	NKC
2497	1	NKC
2498	1	NKC
2499	1	NKC
2500	1	NKC
2501	1	NKC
2502	1	NKC
2503	1	NKC
2504	1	NKC
2505	1	NKC
2506	1	NKC
2507	1	NKC
2508	1	NKC
2509	1	NKC
2510	1	NKC
2511	1	NKC
2512	1	NKC
2513	1	NKC
2514	1	NKC
2515	1	NKC
2516	1	NKC
2517	1	NKC
2518	1	NKC
2519	1	NKC
2520	1	NKC
2521	1	NKC
2522	1	NKC
2523	1	NKC
2524	1	NKC
2525	1	NKC
2526	1	NKC
2527	1	NKC
2528	1	NKC
2529	1	NKC
2530	1	NKC
2531	1	NKC
2532	1	NKC
2533	1	NKC
2534	1	NKC
2535	1	NKC
2536	1	NKC
2537	1	NKC
2538	1	NKC
2539	1	NKC
2540	1	NKC
2541	1	NKC
2542	1	NKC
2543	1	NKC
2544	1	NKC
2545	1	NKC
2546	1	NKC
2547	1	NKC
2548	1	NKC
2549	1	NKC
2550	1	NKC
2551	1	NKC
2552	1	NKC
2553	1	NKC
2554	1	NKC
2555	1	NKC
2556	1	NKC
2557	1	NKC
2558	1	NKC
2559	1	NKC
2560	1	NKC
2561	1	NKC
2562	1	NKC
2563	1	NKC
2564	1	NKC
2565	1	NKC
2566	1	NKC
2567	1	NKC
2568	1	NKC
2569	1	NKC
2570	1	NKC
2571	1	NKC
2572	1	NKC
2573	1	NKC
2574	1	NKC
2575	1	NKC
2576	1	NKC
2577	1	NKC
2578	1	NKC
2579	1	NKC
2580	1	NKC
2581	1	NKC
2582	1	NKC
2583	1	NKC
2584	1	NKC
2585	1	NKC
2586	1	NKC
2587	1	NKC
2588	1	NKC
2589	1	NKC
2590	1	NKC
2591	1	NKC
2592	1	NKC
2593	1	NKC
2594	1	NKC
2595	1	NKC
2596	1	NKC
2597	1	NKC
2598	1	NKC
2599	1	NKC
2600	1	NKC
2601	1	NKC
2602	1	NKC
2603	1	NKC
2604	1	NKC
2605	1	NKC
2606	1	NKC
2607	1	NKC
2608	1	NKC
2609	1	NKC
2610	1	NKC
2611	1	NKC
2612	1	NKC
2613	1	NKC
2614	1	NKC
2615	1	NKC
2616	1	NKC
2617	1	NKC
2618	1	NKC
2619	1	NKC
2620	1	NKC
2621	1	NKC
2622	1	NKC
2623	1	NKC
2624	1	NKC
2625	1	NKC
2626	1	NKC
2627	1	NKC
2628	1	NKC
2629	1	NKC
2630	1	NKC
2631	1	NKC
2632	1	NKC
2633	1	NKC
2634	1	NKC
2635	1	NKC
2636	1	NKC
2637	1	NKC
2638	1	NKC
2639	1	NKC
2640	1	NKC
2641	1	NKC
2642	1	NKC
2643	1	NKC
2644	1	NKC
2645	1	NKC
2646	1	NKC
2647	1	NKC
2648	1	NKC
2649	1	NKC
2650	1	NKC
2651	1	NKC
2652	1	NKC
2653	1	NKC
2654	1	NKC
2655	1	NKC
2656	1	NKC
2657	1	NKC
2658	1	NKC
2659	1	NKC
2660	1	NKC
2661	1	NKC
2662	1	NKC
2663	1	NKC
2664	1	NKC
2665	1	NKC
2666	1	NKC
2667	1	NKC
2668	1	NKC
2669	1	NKC
2670	1	NKC
2671	1	NKC
2672	1	NKC
2673	1	NKC
2674	1	NKC
2675	1	NKC
2676	1	NKC
2677	1	NKC
2678	1	NKC
2679	1	NKC
2680	1	NKC
2681	1	NKC
2682	1	NKC
2683	1	NKC
2684	1	NKC
2685	1	NKC
2686	1	NKC
2687	1	NKC
2688	1	NKC
2689	1	NKC
2690	1	NKC
2691	1	NKC
2692	1	NKC
2693	1	NKC
2694	1	NKC
2695	1	NKC
2696	1	NKC
2697	1	NKC
2698	1	NKC
2699	1	NKC
2700	1	NKC
2701	1	NKC
2702	1	NKC
2703	1	NKC
2704	1	NKC
2705	1	NKC
2706	1	NKC
2707	1	NKC
2708	1	NKC
2709	1	NKC
2710	1	NKC
2711	1	NKC
2712	1	NKC
2713	1	NKC
2714	1	NKC
2715	1	NKC
2716	1	NKC
2717	1	NKC
2718	1	NKC
2719	1	NKC
2720	1	NKC
2721	1	NKC
2722	1	NKC
2723	1	NKC
2724	1	NKC
2725	1	NKC
2726	1	NKC
2727	1	NKC
2728	1	NKC
2729	1	NKC
2730	1	NKC
2731	1	NKC
2732	1	NKC
2733	1	NKC
2734	1	NKC
2735	1	NKC
2736	1	NKC
2737	1	NKC
2738	1	NKC
2739	1	NKC
2740	1	NKC
2741	1	NKC
2742	1	NKC
2743	1	NKC
2744	1	NKC
2745	1	NKC
2746	1	NKC
2747	1	NKC
2748	1	NKC
2749	1	NKC
2750	1	NKC
2751	1	NKC
2752	1	NKC
2753	1	NKC
2754	1	NKC
2755	1	NKC
2756	1	NKC
2757	1	NKC
2758	1	NKC
2759	1	NKC
2760	1	NKC
2761	1	NKC
2762	1	NKC
2763	1	NKC
2764	1	NKC
2765	1	NKC
2766	1	NKC
2767	1	NKC
2768	1	NKC
2769	1	NKC
2770	1	NKC
2771	1	NKC
2772	1	NKC
2773	1	NKC
2774	1	NKC
2775	1	NKC
2776	1	NKC
2777	1	NKC
2778	1	NKC
2779	1	NKC
2780	1	NKC
2781	1	NKC
2782	1	NKC
2783	1	NKC
2784	1	NKC
2785	1	NKC
2786	1	NKC
2787	1	NKC
2788	1	NKC
2789	1	NKC
2790	1	NKC
2791	1	NKC
2792	1	NKC
2793	1	NKC
2794	1	NKC
2795	1	NKC
2796	1	NKC
2797	1	NKC
2798	1	NKC
2799	1	NKC
2800	1	NKC
2801	1	NKC
2802	1	NKC
2803	1	NKC
2804	1	NKC
2805	1	NKC
2806	1	NKC
2807	1	NKC
2808	1	NKC
2809	1	NKC
2810	1	NKC
2811	1	NKC
2812	1	NKC
2813	1	NKC
2814	1	NKC
2815	1	NKC
2816	1	NKC
2817	1	NKC
2818	1	NKC
2819	1	NKC
2820	1	NKC
2821	1	NKC
2822	1	NKC
2823	1	NKC
2824	1	NKC
2825	1	NKC
2826	1	NKC
2827	1	NKC
2828	1	NKC
2829	1	NKC
2830	1	NKC
2831	1	NKC
2832	1	NKC
2833	1	NKC
2834	1	NKC
2835	1	NKC
2836	1	NKC
2837	1	NKC
2838	1	NKC
2839	1	NKC
2840	1	NKC
2841	1	NKC
2842	1	NKC
2843	1	NKC
2844	1	NKC
2845	1	NKC
2846	1	NKC
2847	1	NKC
2848	1	NKC
2849	1	NKC
2850	1	NKC
2851	1	NKC
2852	1	NKC
2853	1	NKC
2854	1	NKC
2855	1	NKC
2856	1	NKC
2857	1	NKC
2858	1	NKC
2859	1	NKC
2860	1	NKC
2861	1	NKC
2862	1	NKC
2863	1	NKC
2864	1	NKC
2865	1	NKC
2866	1	NKC
2867	1	NKC
2868	1	NKC
2869	1	NKC
2870	1	NKC
2871	1	NKC
2872	1	NKC
2873	1	NKC
2874	1	NKC
2875	1	NKC
2876	1	NKC
2877	1	NKC
2878	1	NKC
2879	1	NKC
2880	1	NKC
2881	1	NKC
2882	1	NKC
2883	1	NKC
2884	1	NKC
2885	1	NKC
2886	1	NKC
2887	1	NKC
2888	1	NKC
2889	1	NKC
2890	1	NKC
2891	1	NKC
2892	1	NKC
2893	1	NKC
2894	1	NKC
2895	1	NKC
2896	1	NKC
2897	1	NKC
2898	1	NKC
2899	1	NKC
2900	1	NKC
2901	1	NKC
2902	1	NKC
2903	1	NKC
2904	1	NKC
2905	1	NKC
2906	1	NKC
2907	1	NKC
2908	1	NKC
2909	1	NKC
2910	1	NKC
2911	1	NKC
2912	1	NKC
2913	1	NKC
2914	1	NKC
2915	1	NKC
2916	1	NKC
2917	1	NKC
2918	1	NKC
2919	1	NKC
2920	1	NKC
2921	1	NKC
2922	1	NKC
2923	1	NKC
2924	1	NKC
2925	1	NKC
2926	1	NKC
2927	1	NKC
2928	1	NKC
2929	1	NKC
2930	1	NKC
2931	1	NKC
2932	1	NKC
2933	1	NKC
2934	1	NKC
2935	1	NKC
2936	1	NKC
2937	1	NKC
2938	1	NKC
2939	1	NKC
2940	1	NKC
2941	1	NKC
2942	1	NKC
2943	1	NKC
2944	1	NKC
2945	1	NKC
2946	1	NKC
2947	1	NKC
2948	1	NKC
2949	1	NKC
2950	1	NKC
2951	1	NKC
2952	1	NKC
2953	1	NKC
2954	1	NKC
2955	1	NKC
2956	1	NKC
2957	1	NKC
2958	1	NKC
2959	1	NKC
2960	1	NKC
2961	1	NKC
2962	1	NKC
2963	1	NKC
2964	1	NKC
2965	1	NKC
2966	1	NKC
2967	1	NKC
2968	1	NKC
2969	1	NKC
2970	1	NKC
2971	1	NKC
2972	1	NKC
2973	1	NKC
2974	1	NKC
2975	1	NKC
2976	1	NKC
2977	1	NKC
2978	1	NKC
2979	1	NKC
2980	1	NKC
2981	1	NKC
2982	1	NKC
2983	1	NKC
2984	1	NKC
2985	1	NKC
2986	1	NKC
2987	1	NKC
2988	1	NKC
2989	1	NKC
2990	1	NKC
2991	1	NKC
2992	1	NKC
2993	1	NKC
2994	1	NKC
2995	1	NKC
2996	1	NKC
2997	1	NKC
2998	1	NKC
2999	1	NKC
3000	1	NKC
3001	1	NKC
3002	1	NKC
3003	1	NKC
3004	1	NKC
3005	1	NKC
3006	1	NKC
3007	1	NKC
3008	1	NKC
3009	1	NKC
3010	1	NKC
3011	1	NKC
3012	1	NKC
3013	1	NKC
3014	1	NKC
3015	1	NKC
3016	1	NKC
3017	1	NKC
3018	1	NKC
3019	1	NKC
3020	1	NKC
3021	1	NKC
3022	1	NKC
3023	1	NKC
3024	1	NKC
3025	1	NKC
3026	1	NKC
3027	1	NKC
3028	1	NKC
3029	1	NKC
3030	1	NKC
3031	1	NKC
3032	1	NKC
3033	1	NKC
3034	1	NKC
3035	1	NKC
3036	1	NKC
3037	1	NKC
3038	1	NKC
3039	1	NKC
3040	1	NKC
3041	1	NKC
3042	1	NKC
3043	1	NKC
3044	1	NKC
3045	1	NKC
3046	1	NKC
3047	1	NKC
3048	1	NKC
3049	1	NKC
3050	1	NKC
3051	1	NKC
3052	1	NKC
3053	1	NKC
3054	1	NKC
3055	1	NKC
3056	1	NKC
3057	1	NKC
3058	1	NKC
3059	1	NKC
3060	1	NKC
3061	1	NKC
3062	1	NKC
3063	1	NKC
3064	1	NKC
3065	1	NKC
3066	1	NKC
3067	1	NKC
3068	1	NKC
3069	1	NKC
3070	1	NKC
3071	1	NKC
3072	1	NKC
3073	1	NKC
3074	1	NKC
3075	1	NKC
3076	1	NKC
3077	1	NKC
3078	1	NKC
3079	1	NKC
3080	1	NKC
3081	1	NKC
3082	1	NKC
3083	1	NKC
3084	1	NKC
3085	1	NKC
3086	1	NKC
3087	1	NKC
3088	1	NKC
3089	1	NKC
3090	1	NKC
3091	1	NKC
3092	1	NKC
3093	1	NKC
3094	1	NKC
3095	1	NKC
3096	1	NKC
3097	1	NKC
3098	1	NKC
3099	1	NKC
3100	1	NKC
3101	1	NKC
3102	1	NKC
3103	1	NKC
3104	1	NKC
3105	1	NKC
3106	1	NKC
3107	1	NKC
3108	1	NKC
3109	1	NKC
3110	1	NKC
3111	1	NKC
3112	1	NKC
3113	1	NKC
3114	1	NKC
3115	1	NKC
3116	1	NKC
3117	1	NKC
3118	1	NKC
3119	1	NKC
3120	1	NKC
3121	1	NKC
3122	1	NKC
3123	1	NKC
3124	1	NKC
3125	1	NKC
3126	1	NKC
3127	1	NKC
3128	1	NKC
3129	1	NKC
3130	1	NKC
3131	1	NKC
3132	1	NKC
3133	1	NKC
3134	1	NKC
3135	1	NKC
3136	1	NKC
3137	1	NKC
3138	1	NKC
3139	1	NKC
3140	1	NKC
3141	1	NKC
3142	1	NKC
3143	1	NKC
3144	1	NKC
3145	1	NKC
3146	1	NKC
3147	1	NKC
3148	1	NKC
3149	1	NKC
3150	1	NKC
3151	1	NKC
3152	1	NKC
3153	1	NKC
3154	1	NKC
3155	1	NKC
3156	1	NKC
3157	1	NKC
3158	1	NKC
3159	1	NKC
3160	1	NKC
3161	1	NKC
3162	1	NKC
3163	1	NKC
3164	1	NKC
3165	1	NKC
3166	1	NKC
3167	1	NKC
3168	1	NKC
3169	1	NKC
3170	1	NKC
3171	1	NKC
3172	1	NKC
3173	1	NKC
3174	1	NKC
3175	1	NKC
3176	1	NKC
3177	1	NKC
3178	1	NKC
3179	1	NKC
3180	1	NKC
3181	1	NKC
3182	1	NKC
3183	1	NKC
3184	1	NKC
3185	1	NKC
3186	1	NKC
3187	1	NKC
3188	1	NKC
3189	1	NKC
3190	1	NKC
3191	1	NKC
3192	1	NKC
3193	1	NKC
3194	1	NKC
3195	1	NKC
3196	1	NKC
3197	1	NKC
3198	1	NKC
3199	1	NKC
3200	1	NKC
3201	1	NKC
3202	1	NKC
3203	1	NKC
3204	1	NKC
3205	1	NKC
3206	1	NKC
3207	1	NKC
3208	1	NKC
3209	1	NKC
3210	1	NKC
3211	1	NKC
3212	1	NKC
3213	1	NKC
3214	1	NKC
3215	1	NKC
3216	1	NKC
3217	1	NKC
3218	1	NKC
3219	1	NKC
3220	1	NKC
3221	1	NKC
3222	1	NKC
3223	1	NKC
3224	1	NKC
3225	1	NKC
3226	1	NKC
3227	1	NKC
3228	1	NKC
3229	1	NKC
3230	1	NKC
3231	1	NKC
3232	1	NKC
3233	1	NKC
3234	1	NKC
3235	1	NKC
3236	1	NKC
3237	1	NKC
3238	1	NKC
3239	1	NKC
3240	1	NKC
3241	1	NKC
3242	1	NKC
3243	1	NKC
3244	1	NKC
3245	1	NKC
3246	1	NKC
3247	1	NKC
3248	1	NKC
3249	1	NKC
3250	1	NKC
3251	1	NKC
3252	1	NKC
3253	1	NKC
3254	1	NKC
3255	1	NKC
3256	1	NKC
3257	1	NKC
3258	1	NKC
3259	1	NKC
3260	1	NKC
3261	1	NKC
3262	1	NKC
3263	1	NKC
3264	1	NKC
3265	1	NKC
3266	1	NKC
3267	1	NKC
3268	1	NKC
3269	1	NKC
3270	1	NKC
3271	1	NKC
3272	1	NKC
3273	1	NKC
3274	1	NKC
3275	1	NKC
3276	1	NKC
3277	1	NKC
3278	1	NKC
3279	1	NKC
3280	1	NKC
3281	1	NKC
3282	1	NKC
3283	1	NKC
3284	1	NKC
3285	1	NKC
3286	1	NKC
3287	1	NKC
3288	1	NKC
3289	1	NKC
3290	1	NKC
3291	1	NKC
3292	1	NKC
3293	1	NKC
3294	1	NKC
3295	1	NKC
3296	1	NKC
3297	1	NKC
3298	1	NKC
3299	1	NKC
3300	1	NKC
3301	1	NKC
3302	1	NKC
3303	1	NKC
3304	1	NKC
3305	1	NKC
3306	1	NKC
3307	1	NKC
3308	1	NKC
3309	1	NKC
3310	1	NKC
3311	1	NKC
3312	1	NKC
3313	1	NKC
3314	1	NKC
3315	1	NKC
3316	1	NKC
3317	1	NKC
3318	1	NKC
3319	1	NKC
3320	1	NKC
3321	1	NKC
3322	1	NKC
3323	1	NKC
3324	1	NKC
3325	1	NKC
3326	1	NKC
3327	1	NKC
3328	1	NKC
3329	1	NKC
3330	1	NKC
3331	1	NKC
3332	1	NKC
3333	1	NKC
3334	1	NKC
3335	1	NKC
3336	1	NKC
3337	1	NKC
3338	1	NKC
3339	1	NKC
3340	1	NKC
3341	1	NKC
3342	1	NKC
3343	1	NKC
3344	1	NKC
3345	1	NKC
3346	1	NKC
3347	1	NKC
3348	1	NKC
3349	1	NKC
3350	1	NKC
3351	1	NKC
3352	1	NKC
3353	1	NKC
3354	1	NKC
3355	1	NKC
3356	1	NKC
3357	1	NKC
3358	1	NKC
3359	1	NKC
3360	1	NKC
3361	1	NKC
3362	1	NKC
3363	1	NKC
3364	1	NKC
3365	1	NKC
3366	1	NKC
3367	1	NKC
3368	1	NKC
3369	1	NKC
3370	1	NKC
3371	1	NKC
3372	1	NKC
3373	1	NKC
3374	1	NKC
3375	1	NKC
3376	1	NKC
3377	1	NKC
3378	1	NKC
3379	1	NKC
3380	1	NKC
3381	1	NKC
3382	1	NKC
3383	1	NKC
3384	1	NKC
3385	1	NKC
3386	1	NKC
3387	1	NKC
3388	1	NKC
3389	1	NKC
3390	1	NKC
3391	1	NKC
3392	1	NKC
3393	1	NKC
3394	1	NKC
3395	1	NKC
3396	1	NKC
3397	1	NKC
3398	1	NKC
3399	1	NKC
3400	1	NKC
3401	1	NKC
3402	1	NKC
3403	1	NKC
3404	1	NKC
3405	1	NKC
3406	1	NKC
3407	1	NKC
3408	1	NKC
3409	1	NKC
3410	1	NKC
3411	1	NKC
3412	1	NKC
3413	1	NKC
3414	1	NKC
3415	1	NKC
3416	1	NKC
3417	1	NKC
3418	1	NKC
3419	1	NKC
3420	1	NKC
3421	1	NKC
3422	1	NKC
3423	1	NKC
3424	1	NKC
3425	1	NKC
3426	1	NKC
3427	1	NKC
3428	1	NKC
3429	1	NKC
3430	1	NKC
3431	1	NKC
3432	1	NKC
3433	1	NKC
3434	1	NKC
3435	1	NKC
3436	1	NKC
3437	1	NKC
3438	1	NKC
3439	1	NKC
3440	1	NKC
3441	1	NKC
3442	1	NKC
3443	1	NKC
3444	1	NKC
3445	1	NKC
3446	1	NKC
3447	1	NKC
3448	1	NKC
3449	1	NKC
3450	1	NKC
3451	1	NKC
3452	1	NKC
3453	1	NKC
3454	1	NKC
3455	1	NKC
3456	1	NKC
3457	1	NKC
3458	1	NKC
3459	1	NKC
3460	1	NKC
3461	1	NKC
3462	1	NKC
3463	1	NKC
3464	1	NKC
3465	1	NKC
3466	1	NKC
3467	1	NKC
3468	1	NKC
3469	1	NKC
3470	1	NKC
3471	1	NKC
3472	1	NKC
3473	1	NKC
3474	1	NKC
3475	1	NKC
3476	1	NKC
3477	1	NKC
3478	1	NKC
3479	1	NKC
3480	1	NKC
3481	1	NKC
3482	1	NKC
3483	1	NKC
3484	1	NKC
3485	1	NKC
3486	1	NKC
3487	1	NKC
3488	1	NKC
3489	1	NKC
3490	1	NKC
3491	1	NKC
3492	1	NKC
3493	1	NKC
3494	1	NKC
3495	1	NKC
3496	1	NKC
3497	1	NKC
3498	1	NKC
3499	1	NKC
3500	1	NKC
3501	1	NKC
3502	1	NKC
3503	1	NKC
3504	1	NKC
3505	1	NKC
3506	1	NKC
3507	1	NKC
3508	1	NKC
3509	1	NKC
3510	1	NKC
3511	1	NKC
3512	1	NKC
3513	1	NKC
3514	1	NKC
3515	1	NKC
3516	1	NKC
3517	1	NKC
3518	1	NKC
3519	1	NKC
3520	1	NKC
3521	1	NKC
3522	1	NKC
3523	1	NKC
3524	1	NKC
3525	1	NKC
3526	1	NKC
3527	1	NKC
3528	1	NKC
3529	1	NKC
3530	1	NKC
3531	1	NKC
3532	1	NKC
3533	1	NKC
3534	1	NKC
3535	1	NKC
3536	1	NKC
3537	1	NKC
3538	1	NKC
3539	1	NKC
3540	1	NKC
3541	1	NKC
3542	1	NKC
3543	1	NKC
3544	1	NKC
3545	1	NKC
3546	1	NKC
3547	1	NKC
3548	1	NKC
3549	1	NKC
3550	1	NKC
3551	1	NKC
3552	1	NKC
3553	1	NKC
3554	1	NKC
3555	1	NKC
3556	1	NKC
3557	1	NKC
3558	1	NKC
3559	1	NKC
3560	1	NKC
3561	1	NKC
3562	1	NKC
3563	1	NKC
3564	1	NKC
3565	1	NKC
3566	1	NKC
3567	1	NKC
3568	1	NKC
3569	1	NKC
3570	1	NKC
3571	1	NKC
3572	1	NKC
3573	1	NKC
3574	1	NKC
3575	1	NKC
3576	1	NKC
3577	1	NKC
3578	1	NKC
3579	1	NKC
3580	1	NKC
3581	1	NKC
3582	1	NKC
3583	1	NKC
3584	1	NKC
3585	1	NKC
3586	1	NKC
3587	1	NKC
3588	1	NKC
3589	1	NKC
3590	1	NKC
3591	1	NKC
3592	1	NKC
3593	1	NKC
3594	1	NKC
3595	1	NKC
3596	1	NKC
3597	1	NKC
3598	1	NKC
3599	1	NKC
3600	1	NKC
3601	1	NKC
3602	1	NKC
3603	1	NKC
3604	1	NKC
3605	1	NKC
3606	1	NKC
3607	1	NKC
3608	1	NKC
3609	1	NKC
3610	1	NKC
3611	1	NKC
3612	1	NKC
3613	1	NKC
3614	1	NKC
3615	1	NKC
3616	1	NKC
3617	1	NKC
3618	1	NKC
3619	1	NKC
3620	1	NKC
3621	1	NKC
3622	1	NKC
3623	1	NKC
3624	1	NKC
3625	1	NKC
3626	1	NKC
3627	1	NKC
3628	1	NKC
3629	1	NKC
3630	1	NKC
3631	1	NKC
3632	1	NKC
3633	1	NKC
3634	1	NKC
3635	1	NKC
3636	1	NKC
3637	1	NKC
3638	1	NKC
3639	1	NKC
3640	1	NKC
3641	1	NKC
3642	1	NKC
3643	1	NKC
3644	1	NKC
3645	1	NKC
3646	1	NKC
3647	1	NKC
3648	1	NKC
3649	1	NKC
3650	1	NKC
3651	1	NKC
3652	1	NKC
3653	1	NKC
3654	1	NKC
3655	1	NKC
3656	1	NKC
3657	1	NKC
3658	1	NKC
3659	1	NKC
3660	1	NKC
3661	1	NKC
3662	1	NKC
3663	1	NKC
3664	1	NKC
3665	1	NKC
3666	1	NKC
3667	1	NKC
3668	1	NKC
3669	1	NKC
3670	1	NKC
3671	1	NKC
3672	1	NKC
3673	1	NKC
3674	1	NKC
3675	1	NKC
3676	1	NKC
3677	1	NKC
3678	1	NKC
3679	1	NKC
3680	1	NKC
3681	1	NKC
3682	1	NKC
3683	1	NKC
3684	1	NKC
3685	1	NKC
3686	1	NKC
3687	1	NKC
3688	1	NKC
3689	1	NKC
3690	1	NKC
3691	1	NKC
3692	1	NKC
3693	1	NKC
3694	1	NKC
3695	1	NKC
3696	1	NKC
3697	1	NKC
3698	1	NKC
3699	1	NKC
3700	1	NKC
3701	1	NKC
3702	1	NKC
3703	1	NKC
3704	1	NKC
3705	1	NKC
3706	1	NKC
3707	1	NKC
3708	1	NKC
3709	1	NKC
3710	1	NKC
3711	1	NKC
3712	1	NKC
3713	1	NKC
3714	1	NKC
3715	1	NKC
3716	1	NKC
3717	1	NKC
3718	1	NKC
3719	1	NKC
3720	1	NKC
3721	1	NKC
3722	1	NKC
3723	1	NKC
3724	1	NKC
3725	1	NKC
3726	1	NKC
3727	1	NKC
3728	1	NKC
3729	1	NKC
3730	1	NKC
3731	1	NKC
3732	1	NKC
3733	1	NKC
3734	1	NKC
3735	1	NKC
3736	1	NKC
3737	1	NKC
3738	1	NKC
3739	1	NKC
3740	1	NKC
3741	1	NKC
3742	1	NKC
3743	1	NKC
3744	1	NKC
3745	1	NKC
3746	1	NKC
3747	1	NKC
3748	1	NKC
3749	1	NKC
3750	1	NKC
3751	1	NKC
3752	1	NKC
3753	1	NKC
3754	1	NKC
3755	1	NKC
3756	1	NKC
3757	1	NKC
3758	1	NKC
3759	1	NKC
3760	1	NKC
3761	1	NKC
3762	1	NKC
3763	1	NKC
3764	1	NKC
3765	1	NKC
3766	1	NKC
3767	1	NKC
3768	1	NKC
3769	1	NKC
3770	1	NKC
3771	1	NKC
3772	1	NKC
3773	1	NKC
3774	1	NKC
3775	1	NKC
3776	1	NKC
3777	1	NKC
3778	1	NKC
3779	1	NKC
3780	1	NKC
3781	1	NKC
3782	1	NKC
3783	1	NKC
3784	1	NKC
3785	1	NKC
3786	1	NKC
3787	1	NKC
3788	1	NKC
3789	1	NKC
3790	1	NKC
3791	1	NKC
3792	1	NKC
3793	1	NKC
3794	1	NKC
3795	1	NKC
3796	1	NKC
3797	1	NKC
3798	1	NKC
3799	1	NKC
3800	1	NKC
3801	1	NKC
3802	283	SKC
3803	158	SKC
3804	59	SKC
3805	34	SKC
3806	33	SKC
3807	32	SKC
3808	29	SKC
3809	29	SKC
3810	23	SKC
3811	23	SKC
3812	23	SKC
3813	22	SKC
3814	21	SKC
3815	20	SKC
3816	18	SKC
3817	16	SKC
3818	16	SKC
3819	16	SKC
3820	14	SKC
3821	13	SKC
3822	13	SKC
3823	13	SKC
3824	13	SKC
3825	13	SKC
3826	12	SKC
3827	12	SKC
3828	12	SKC
3829	12	SKC
3830	12	SKC
3831	11	SKC
3832	10	SKC
3833	10	SKC
3834	10	SKC
3835	10	SKC
3836	10	SKC
3837	9	SKC
3838	9	SKC
3839	9	SKC
3840	9	SKC
3841	9	SKC
3842	9	SKC
3843	9	SKC
3844	9	SKC
3845	9	SKC
3846	9	SKC
3847	8	SKC
3848	8	SKC
3849	8	SKC
3850	8	SKC
3851	8	SKC
3852	8	SKC
3853	8	SKC
3854	8	SKC
3855	8	SKC
3856	8	SKC
3857	8	SKC
3858	8	SKC
3859	8	SKC
3860	8	SKC
3861	7	SKC
3862	7	SKC
3863	7	SKC
3864	7	SKC
3865	7	SKC
3866	7	SKC
3867	7	SKC
3868	7	SKC
3869	7	SKC
3870	7	SKC
3871	7	SKC
3872	7	SKC
3873	7	SKC
3874	7	SKC
3875	7	SKC
3876	7	SKC
3877	7	SKC
3878	7	SKC
3879	7	SKC
3880	6	SKC
3881	6	SKC
3882	6	SKC
3883	6	SKC
3884	6	SKC
3885	6	SKC
3886	6	SKC
3887	6	SKC
3888	6	SKC
3889	6	SKC
3890	6	SKC
3891	6	SKC
3892	6	SKC
3893	6	SKC
3894	6	SKC
3895	6	SKC
3896	6	SKC
3897	6	SKC
3898	6	SKC
3899	5	SKC
3900	5	SKC
3901	5	SKC
3902	5	SKC
3903	5	SKC
3904	5	SKC
3905	5	SKC
3906	5	SKC
3907	5	SKC
3908	5	SKC
3909	5	SKC
3910	5	SKC
3911	5	SKC
3912	5	SKC
3913	5	SKC
3914	5	SKC
3915	5	SKC
3916	5	SKC
3917	5	SKC
3918	5	SKC
3919	5	SKC
3920	5	SKC
3921	5	SKC
3922	5	SKC
3923	5	SKC
3924	5	SKC
3925	5	SKC
3926	5	SKC
3927	5	SKC
3928	5	SKC
3929	5	SKC
3930	5	SKC
3931	5	SKC
3932	5	SKC
3933	5	SKC
3934	5	SKC
3935	5	SKC
3936	5	SKC
3937	5	SKC
3938	5	SKC
3939	5	SKC
3940	4	SKC
3941	4	SKC
3942	4	SKC
3943	4	SKC
3944	4	SKC
3945	4	SKC
3946	4	SKC
3947	4	SKC
3948	4	SKC
3949	4	SKC
3950	4	SKC
3951	4	SKC
3952	4	SKC
3953	4	SKC
3954	4	SKC
3955	4	SKC
3956	4	SKC
3957	4	SKC
3958	4	SKC
3959	4	SKC
3960	4	SKC
3961	4	SKC
3962	4	SKC
3963	4	SKC
3964	4	SKC
3965	4	SKC
3966	4	SKC
3967	4	SKC
3968	4	SKC
3969	4	SKC
3970	4	SKC
3971	4	SKC
3972	4	SKC
3973	4	SKC
3974	4	SKC
3975	4	SKC
3976	4	SKC
3977	4	SKC
3978	4	SKC
3979	4	SKC
3980	4	SKC
3981	4	SKC
3982	4	SKC
3983	4	SKC
3984	4	SKC
3985	4	SKC
3986	4	SKC
3987	4	SKC
3988	4	SKC
3989	4	SKC
3990	4	SKC
3991	4	SKC
3992	4	SKC
3993	4	SKC
3994	4	SKC
3995	4	SKC
3996	4	SKC
3997	4	SKC
3998	4	SKC
3999	4	SKC
4000	4	SKC
4001	4	SKC
4002	4	SKC
4003	4	SKC
4004	4	SKC
4005	4	SKC
4006	4	SKC
4007	4	SKC
4008	4	SKC
4009	4	SKC
4010	4	SKC
4011	4	SKC
4012	4	SKC
4013	4	SKC
4014	4	SKC
4015	4	SKC
4016	4	SKC
4017	4	SKC
4018	4	SKC
4019	4	SKC
4020	3	SKC
4021	3	SKC
4022	3	SKC
4023	3	SKC
4024	3	SKC
4025	3	SKC
4026	3	SKC
4027	3	SKC
4028	3	SKC
4029	3	SKC
4030	3	SKC
4031	3	SKC
4032	3	SKC
4033	3	SKC
4034	3	SKC
4035	3	SKC
4036	3	SKC
4037	3	SKC
4038	3	SKC
4039	3	SKC
4040	3	SKC
4041	3	SKC
4042	3	SKC
4043	3	SKC
4044	3	SKC
4045	3	SKC
4046	3	SKC
4047	3	SKC
4048	3	SKC
4049	3	SKC
4050	3	SKC
4051	3	SKC
4052	3	SKC
4053	3	SKC
4054	3	SKC
4055	3	SKC
4056	3	SKC
4057	3	SKC
4058	3	SKC
4059	3	SKC
4060	3	SKC
4061	3	SKC
4062	3	SKC
4063	3	SKC
4064	3	SKC
4065	3	SKC
4066	3	SKC
4067	3	SKC
4068	3	SKC
4069	3	SKC
4070	3	SKC
4071	3	SKC
4072	3	SKC
4073	3	SKC
4074	3	SKC
4075	3	SKC
4076	3	SKC
4077	3	SKC
4078	3	SKC
4079	3	SKC
4080	3	SKC
4081	3	SKC
4082	3	SKC
4083	3	SKC
4084	3	SKC
4085	3	SKC
4086	3	SKC
4087	3	SKC
4088	3	SKC
4089	3	SKC
4090	3	SKC
4091	3	SKC
4092	3	SKC
4093	3	SKC
4094	3	SKC
4095	3	SKC
4096	3	SKC
4097	3	SKC
4098	3	SKC
4099	3	SKC
4100	3	SKC
4101	3	SKC
4102	3	SKC
4103	3	SKC
4104	3	SKC
4105	3	SKC
4106	3	SKC
4107	3	SKC
4108	3	SKC
4109	3	SKC
4110	3	SKC
4111	3	SKC
4112	3	SKC
4113	3	SKC
4114	3	SKC
4115	3	SKC
4116	3	SKC
4117	3	SKC
4118	3	SKC
4119	3	SKC
4120	3	SKC
4121	3	SKC
4122	3	SKC
4123	3	SKC
4124	3	SKC
4125	3	SKC
4126	3	SKC
4127	3	SKC
4128	3	SKC
4129	3	SKC
4130	3	SKC
4131	3	SKC
4132	3	SKC
4133	3	SKC
4134	3	SKC
4135	3	SKC
4136	3	SKC
4137	3	SKC
4138	3	SKC
4139	3	SKC
4140	3	SKC
4141	3	SKC
4142	3	SKC
4143	3	SKC
4144	3	SKC
4145	3	SKC
4146	2	SKC
4147	2	SKC
4148	2	SKC
4149	2	SKC
4150	2	SKC
4151	2	SKC
4152	2	SKC
4153	2	SKC
4154	2	SKC
4155	2	SKC
4156	2	SKC
4157	2	SKC
4158	2	SKC
4159	2	SKC
4160	2	SKC
4161	2	SKC
4162	2	SKC
4163	2	SKC
4164	2	SKC
4165	2	SKC
4166	2	SKC
4167	2	SKC
4168	2	SKC
4169	2	SKC
4170	2	SKC
4171	2	SKC
4172	2	SKC
4173	2	SKC
4174	2	SKC
4175	2	SKC
4176	2	SKC
4177	2	SKC
4178	2	SKC
4179	2	SKC
4180	2	SKC
4181	2	SKC
4182	2	SKC
4183	2	SKC
4184	2	SKC
4185	2	SKC
4186	2	SKC
4187	2	SKC
4188	2	SKC
4189	2	SKC
4190	2	SKC
4191	2	SKC
4192	2	SKC
4193	2	SKC
4194	2	SKC
4195	2	SKC
4196	2	SKC
4197	2	SKC
4198	2	SKC
4199	2	SKC
4200	2	SKC
4201	2	SKC
4202	2	SKC
4203	2	SKC
4204	2	SKC
4205	2	SKC
4206	2	SKC
4207	2	SKC
4208	2	SKC
4209	2	SKC
4210	2	SKC
4211	2	SKC
4212	2	SKC
4213	2	SKC
4214	2	SKC
4215	2	SKC
4216	2	SKC
4217	2	SKC
4218	2	SKC
4219	2	SKC
4220	2	SKC
4221	2	SKC
4222	2	SKC
4223	2	SKC
4224	2	SKC
4225	2	SKC
4226	2	SKC
4227	2	SKC
4228	2	SKC
4229	2	SKC
4230	2	SKC
4231	2	SKC
4232	2	SKC
4233	2	SKC
4234	2	SKC
4235	2	SKC
4236	2	SKC
4237	2	SKC
4238	2	SKC
4239	2	SKC
4240	2	SKC
4241	2	SKC
4242	2	SKC
4243	2	SKC
4244	2	SKC
4245	2	SKC
4246	2	SKC
4247	2	SKC
4248	2	SKC
4249	2	SKC
4250	2	SKC
4251	2	SKC
4252	2	SKC
4253	2	SKC
4254	2	SKC
4255	2	SKC
4256	2	SKC
4257	2	SKC
4258	2	SKC
4259	2	SKC
4260	2	SKC
4261	2	SKC
4262	2	SKC
4263	2	SKC
4264	2	SKC
4265	2	SKC
4266	2	SKC
4267	2	SKC
4268	2	SKC
4269	2	SKC
4270	2	SKC
4271	2	SKC
4272	2	SKC
4273	2	SKC
4274	2	SKC
4275	2	SKC
4276	2	SKC
4277	2	SKC
4278	2	SKC
4279	2	SKC
4280	2	SKC
4281	2	SKC
4282	2	SKC
4283	2	SKC
4284	2	SKC
4285	2	SKC
4286	2	SKC
4287	2	SKC
4288	2	SKC
4289	2	SKC
4290	2	SKC
4291	2	SKC
4292	2	SKC
4293	2	SKC
4294	2	SKC
4295	2	SKC
4296	2	SKC
4297	2	SKC
4298	2	SKC
4299	2	SKC
4300	2	SKC
4301	2	SKC
4302	2	SKC
4303	2	SKC
4304	2	SKC
4305	2	SKC
4306	2	SKC
4307	2	SKC
4308	2	SKC
4309	2	SKC
4310	2	SKC
4311	2	SKC
4312	2	SKC
4313	2	SKC
4314	2	SKC
4315	2	SKC
4316	2	SKC
4317	2	SKC
4318	2	SKC
4319	2	SKC
4320	2	SKC
4321	2	SKC
4322	2	SKC
4323	2	SKC
4324	2	SKC
4325	2	SKC
4326	2	SKC
4327	2	SKC
4328	2	SKC
4329	2	SKC
4330	2	SKC
4331	2	SKC
4332	2	SKC
4333	2	SKC
4334	2	SKC
4335	2	SKC
4336	2	SKC
4337	2	SKC
4338	2	SKC
4339	2	SKC
4340	2	SKC
4341	2	SKC
4342	2	SKC
4343	2	SKC
4344	2	SKC
4345	2	SKC
4346	2	SKC
4347	2	SKC
4348	2	SKC
4349	2	SKC
4350	2	SKC
4351	2	SKC
4352	2	SKC
4353	2	SKC
4354	2	SKC
4355	2	SKC
4356	2	SKC
4357	2	SKC
4358	2	SKC
4359	2	SKC
4360	2	SKC
4361	2	SKC
4362	2	SKC
4363	2	SKC
4364	2	SKC
4365	2	SKC
4366	2	SKC
4367	2	SKC
4368	2	SKC
4369	2	SKC
4370	2	SKC
4371	2	SKC
4372	2	SKC
4373	2	SKC
4374	2	SKC
4375	2	SKC
4376	2	SKC
4377	2	SKC
4378	2	SKC
4379	2	SKC
4380	2	SKC
4381	2	SKC
4382	2	SKC
4383	2	SKC
4384	2	SKC
4385	2	SKC
4386	2	SKC
4387	2	SKC
4388	2	SKC
4389	2	SKC
4390	2	SKC
4391	2	SKC
4392	2	SKC
4393	2	SKC
4394	2	SKC
4395	2	SKC
4396	2	SKC
4397	2	SKC
4398	2	SKC
4399	2	SKC
4400	2	SKC
4401	2	SKC
4402	2	SKC
4403	2	SKC
4404	2	SKC
4405	2	SKC
4406	2	SKC
4407	2	SKC
4408	2	SKC
4409	2	SKC
4410	2	SKC
4411	2	SKC
4412	2	SKC
4413	2	SKC
4414	2	SKC
4415	2	SKC
4416	2	SKC
4417	2	SKC
4418	2	SKC
4419	2	SKC
4420	2	SKC
4421	2	SKC
4422	2	SKC
4423	2	SKC
4424	2	SKC
4425	2	SKC
4426	2	SKC
4427	2	SKC
4428	2	SKC
4429	2	SKC
4430	2	SKC
4431	2	SKC
4432	2	SKC
4433	2	SKC
4434	2	SKC
4435	2	SKC
4436	2	SKC
4437	2	SKC
4438	2	SKC
4439	2	SKC
4440	2	SKC
4441	2	SKC
4442	2	SKC
4443	2	SKC
4444	2	SKC
4445	2	SKC
4446	2	SKC
4447	2	SKC
4448	2	SKC
4449	2	SKC
4450	2	SKC
4451	2	SKC
4452	2	SKC
4453	2	SKC
4454	2	SKC
4455	2	SKC
4456	2	SKC
4457	2	SKC
4458	2	SKC
4459	2	SKC
4460	2	SKC
4461	2	SKC
4462	2	SKC
4463	2	SKC
4464	2	SKC
4465	2	SKC
4466	2	SKC
4467	2	SKC
4468	2	SKC
4469	2	SKC
4470	2	SKC
4471	2	SKC
4472	2	SKC
4473	2	SKC
4474	2	SKC
4475	2	SKC
4476	2	SKC
4477	2	SKC
4478	2	SKC
4479	2	SKC
4480	2	SKC
4481	2	SKC
4482	2	SKC
4483	2	SKC
4484	2	SKC
4485	2	SKC
4486	2	SKC
4487	2	SKC
4488	2	SKC
4489	2	SKC
4490	2	SKC
4491	2	SKC
4492	2	SKC
4493	2	SKC
4494	2	SKC
4495	2	SKC
4496	2	SKC
4497	2	SKC
4498	2	SKC
4499	2	SKC
4500	2	SKC
4501	2	SKC
4502	2	SKC
4503	2	SKC
4504	2	SKC
4505	2	SKC
4506	2	SKC
4507	2	SKC
4508	2	SKC
4509	2	SKC
4510	2	SKC
4511	2	SKC
4512	2	SKC
4513	2	SKC
4514	2	SKC
4515	2	SKC
4516	2	SKC
4517	1	SKC
4518	1	SKC
4519	1	SKC
4520	1	SKC
4521	1	SKC
4522	1	SKC
4523	1	SKC
4524	1	SKC
4525	1	SKC
4526	1	SKC
4527	1	SKC
4528	1	SKC
4529	1	SKC
4530	1	SKC
4531	1	SKC
4532	1	SKC
4533	1	SKC
4534	1	SKC
4535	1	SKC
4536	1	SKC
4537	1	SKC
4538	1	SKC
4539	1	SKC
4540	1	SKC
4541	1	SKC
4542	1	SKC
4543	1	SKC
4544	1	SKC
4545	1	SKC
4546	1	SKC
4547	1	SKC
4548	1	SKC
4549	1	SKC
4550	1	SKC
4551	1	SKC
4552	1	SKC
4553	1	SKC
4554	1	SKC
4555	1	SKC
4556	1	SKC
4557	1	SKC
4558	1	SKC
4559	1	SKC
4560	1	SKC
4561	1	SKC
4562	1	SKC
4563	1	SKC
4564	1	SKC
4565	1	SKC
4566	1	SKC
4567	1	SKC
4568	1	SKC
4569	1	SKC
4570	1	SKC
4571	1	SKC
4572	1	SKC
4573	1	SKC
4574	1	SKC
4575	1	SKC
4576	1	SKC
4577	1	SKC
4578	1	SKC
4579	1	SKC
4580	1	SKC
4581	1	SKC
4582	1	SKC
4583	1	SKC
4584	1	SKC
4585	1	SKC
4586	1	SKC
4587	1	SKC
4588	1	SKC
4589	1	SKC
4590	1	SKC
4591	1	SKC
4592	1	SKC
4593	1	SKC
4594	1	SKC
4595	1	SKC
4596	1	SKC
4597	1	SKC
4598	1	SKC
4599	1	SKC
4600	1	SKC
4601	1	SKC
4602	1	SKC
4603	1	SKC
4604	1	SKC
4605	1	SKC
4606	1	SKC
4607	1	SKC
4608	1	SKC
4609	1	SKC
4610	1	SKC
4611	1	SKC
4612	1	SKC
4613	1	SKC
4614	1	SKC
4615	1	SKC
4616	1	SKC
4617	1	SKC
4618	1	SKC
4619	1	SKC
4620	1	SKC
4621	1	SKC
4622	1	SKC
4623	1	SKC
4624	1	SKC
4625	1	SKC
4626	1	SKC
4627	1	SKC
4628	1	SKC
4629	1	SKC
4630	1	SKC
4631	1	SKC
4632	1	SKC
4633	1	SKC
4634	1	SKC
4635	1	SKC
4636	1	SKC
4637	1	SKC
4638	1	SKC
4639	1	SKC
4640	1	SKC
4641	1	SKC
4642	1	SKC
4643	1	SKC
4644	1	SKC
4645	1	SKC
4646	1	SKC
4647	1	SKC
4648	1	SKC
4649	1	SKC
4650	1	SKC
4651	1	SKC
4652	1	SKC
4653	1	SKC
4654	1	SKC
4655	1	SKC
4656	1	SKC
4657	1	SKC
4658	1	SKC
4659	1	SKC
4660	1	SKC
4661	1	SKC
4662	1	SKC
4663	1	SKC
4664	1	SKC
4665	1	SKC
4666	1	SKC
4667	1	SKC
4668	1	SKC
4669	1	SKC
4670	1	SKC
4671	1	SKC
4672	1	SKC
4673	1	SKC
4674	1	SKC
4675	1	SKC
4676	1	SKC
4677	1	SKC
4678	1	SKC
4679	1	SKC
4680	1	SKC
4681	1	SKC
4682	1	SKC
4683	1	SKC
4684	1	SKC
4685	1	SKC
4686	1	SKC
4687	1	SKC
4688	1	SKC
4689	1	SKC
4690	1	SKC
4691	1	SKC
4692	1	SKC
4693	1	SKC
4694	1	SKC
4695	1	SKC
4696	1	SKC
4697	1	SKC
4698	1	SKC
4699	1	SKC
4700	1	SKC
4701	1	SKC
4702	1	SKC
4703	1	SKC
4704	1	SKC
4705	1	SKC
4706	1	SKC
4707	1	SKC
4708	1	SKC
4709	1	SKC
4710	1	SKC
4711	1	SKC
4712	1	SKC
4713	1	SKC
4714	1	SKC
4715	1	SKC
4716	1	SKC
4717	1	SKC
4718	1	SKC
4719	1	SKC
4720	1	SKC
4721	1	SKC
4722	1	SKC
4723	1	SKC
4724	1	SKC
4725	1	SKC
4726	1	SKC
4727	1	SKC
4728	1	SKC
4729	1	SKC
4730	1	SKC
4731	1	SKC
4732	1	SKC
4733	1	SKC
4734	1	SKC
4735	1	SKC
4736	1	SKC
4737	1	SKC
4738	1	SKC
4739	1	SKC
4740	1	SKC
4741	1	SKC
4742	1	SKC
4743	1	SKC
4744	1	SKC
4745	1	SKC
4746	1	SKC
4747	1	SKC
4748	1	SKC
4749	1	SKC
4750	1	SKC
4751	1	SKC
4752	1	SKC
4753	1	SKC
4754	1	SKC
4755	1	SKC
4756	1	SKC
4757	1	SKC
4758	1	SKC
4759	1	SKC
4760	1	SKC
4761	1	SKC
4762	1	SKC
4763	1	SKC
4764	1	SKC
4765	1	SKC
4766	1	SKC
4767	1	SKC
4768	1	SKC
4769	1	SKC
4770	1	SKC
4771	1	SKC
4772	1	SKC
4773	1	SKC
4774	1	SKC
4775	1	SKC
4776	1	SKC
4777	1	SKC
4778	1	SKC
4779	1	SKC
4780	1	SKC
4781	1	SKC
4782	1	SKC
4783	1	SKC
4784	1	SKC
4785	1	SKC
4786	1	SKC
4787	1	SKC
4788	1	SKC
4789	1	SKC
4790	1	SKC
4791	1	SKC
4792	1	SKC
4793	1	SKC
4794	1	SKC
4795	1	SKC
4796	1	SKC
4797	1	SKC
4798	1	SKC
4799	1	SKC
4800	1	SKC
4801	1	SKC
4802	1	SKC
4803	1	SKC
4804	1	SKC
4805	1	SKC
4806	1	SKC
4807	1	SKC
4808	1	SKC
4809	1	SKC
4810	1	SKC
4811	1	SKC
4812	1	SKC
4813	1	SKC
4814	1	SKC
4815	1	SKC
4816	1	SKC
4817	1	SKC
4818	1	SKC
4819	1	SKC
4820	1	SKC
4821	1	SKC
4822	1	SKC
4823	1	SKC
4824	1	SKC
4825	1	SKC
4826	1	SKC
4827	1	SKC
4828	1	SKC
4829	1	SKC
4830	1	SKC
4831	1	SKC
4832	1	SKC
4833	1	SKC
4834	1	SKC
4835	1	SKC
4836	1	SKC
4837	1	SKC
4838	1	SKC
4839	1	SKC
4840	1	SKC
4841	1	SKC
4842	1	SKC
4843	1	SKC
4844	1	SKC
4845	1	SKC
4846	1	SKC
4847	1	SKC
4848	1	SKC
4849	1	SKC
4850	1	SKC
4851	1	SKC
4852	1	SKC
4853	1	SKC
4854	1	SKC
4855	1	SKC
4856	1	SKC
4857	1	SKC
4858	1	SKC
4859	1	SKC
4860	1	SKC
4861	1	SKC
4862	1	SKC
4863	1	SKC
4864	1	SKC
4865	1	SKC
4866	1	SKC
4867	1	SKC
4868	1	SKC
4869	1	SKC
4870	1	SKC
4871	1	SKC
4872	1	SKC
4873	1	SKC
4874	1	SKC
4875	1	SKC
4876	1	SKC
4877	1	SKC
4878	1	SKC
4879	1	SKC
4880	1	SKC
4881	1	SKC
4882	1	SKC
4883	1	SKC
4884	1	SKC
4885	1	SKC
4886	1	SKC
4887	1	SKC
4888	1	SKC
4889	1	SKC
4890	1	SKC
4891	1	SKC
4892	1	SKC
4893	1	SKC
4894	1	SKC
4895	1	SKC
4896	1	SKC
4897	1	SKC
4898	1	SKC
4899	1	SKC
4900	1	SKC
4901	1	SKC
4902	1	SKC
4903	1	SKC
4904	1	SKC
4905	1	SKC
4906	1	SKC
4907	1	SKC
4908	1	SKC
4909	1	SKC
4910	1	SKC
4911	1	SKC
4912	1	SKC
4913	1	SKC
4914	1	SKC
4915	1	SKC
4916	1	SKC
4917	1	SKC
4918	1	SKC
4919	1	SKC
4920	1	SKC
4921	1	SKC
4922	1	SKC
4923	1	SKC
4924	1	SKC
4925	1	SKC
4926	1	SKC
4927	1	SKC
4928	1	SKC
4929	1	SKC
4930	1	SKC
4931	1	SKC
4932	1	SKC
4933	1	SKC
4934	1	SKC
4935	1	SKC
4936	1	SKC
4937	1	SKC
4938	1	SKC
4939	1	SKC
4940	1	SKC
4941	1	SKC
4942	1	SKC
4943	1	SKC
4944	1	SKC
4945	1	SKC
4946	1	SKC
4947	1	SKC
4948	1	SKC
4949	1	SKC
4950	1	SKC
4951	1	SKC
4952	1	SKC
4953	1	SKC
4954	1	SKC
4955	1	SKC
4956	1	SKC
4957	1	SKC
4958	1	SKC
4959	1	SKC
4960	1	SKC
4961	1	SKC
4962	1	SKC
4963	1	SKC
4964	1	SKC
4965	1	SKC
4966	1	SKC
4967	1	SKC
4968	1	SKC
4969	1	SKC
4970	1	SKC
4971	1	SKC
4972	1	SKC
4973	1	SKC
4974	1	SKC
4975	1	SKC
4976	1	SKC
4977	1	SKC
4978	1	SKC
4979	1	SKC
4980	1	SKC
4981	1	SKC
4982	1	SKC
4983	1	SKC
4984	1	SKC
4985	1	SKC
4986	1	SKC
4987	1	SKC
4988	1	SKC
4989	1	SKC
4990	1	SKC
4991	1	SKC
4992	1	SKC
4993	1	SKC
4994	1	SKC
4995	1	SKC
4996	1	SKC
4997	1	SKC
4998	1	SKC
4999	1	SKC
5000	1	SKC
5001	1	SKC
5002	1	SKC
5003	1	SKC
5004	1	SKC
5005	1	SKC
5006	1	SKC
5007	1	SKC
5008	1	SKC
5009	1	SKC
5010	1	SKC
5011	1	SKC
5012	1	SKC
5013	1	SKC
5014	1	SKC
5015	1	SKC
5016	1	SKC
5017	1	SKC
5018	1	SKC
5019	1	SKC
5020	1	SKC
5021	1	SKC
5022	1	SKC
5023	1	SKC
5024	1	SKC
5025	1	SKC
5026	1	SKC
5027	1	SKC
5028	1	SKC
5029	1	SKC
5030	1	SKC
5031	1	SKC
5032	1	SKC
5033	1	SKC
5034	1	SKC
5035	1	SKC
5036	1	SKC
5037	1	SKC
5038	1	SKC
5039	1	SKC
5040	1	SKC
5041	1	SKC
5042	1	SKC
5043	1	SKC
5044	1	SKC
5045	1	SKC
5046	1	SKC
5047	1	SKC
5048	1	SKC
5049	1	SKC
5050	1	SKC
5051	1	SKC
5052	1	SKC
5053	1	SKC
5054	1	SKC
5055	1	SKC
5056	1	SKC
5057	1	SKC
5058	1	SKC
5059	1	SKC
5060	1	SKC
5061	1	SKC
5062	1	SKC
5063	1	SKC
5064	1	SKC
5065	1	SKC
5066	1	SKC
5067	1	SKC
5068	1	SKC
5069	1	SKC
5070	1	SKC
5071	1	SKC
5072	1	SKC
5073	1	SKC
5074	1	SKC
5075	1	SKC
5076	1	SKC
5077	1	SKC
5078	1	SKC
5079	1	SKC
5080	1	SKC
5081	1	SKC
5082	1	SKC
5083	1	SKC
5084	1	SKC
5085	1	SKC
5086	1	SKC
5087	1	SKC
5088	1	SKC
5089	1	SKC
5090	1	SKC
5091	1	SKC
5092	1	SKC
5093	1	SKC
5094	1	SKC
5095	1	SKC
5096	1	SKC
5097	1	SKC
5098	1	SKC
5099	1	SKC
5100	1	SKC
5101	1	SKC
5102	1	SKC
5103	1	SKC
5104	1	SKC
5105	1	SKC
5106	1	SKC
5107	1	SKC
5108	1	SKC
5109	1	SKC
5110	1	SKC
5111	1	SKC
5112	1	SKC
5113	1	SKC
5114	1	SKC
5115	1	SKC
5116	1	SKC
5117	1	SKC
5118	1	SKC
5119	1	SKC
5120	1	SKC
5121	1	SKC
5122	1	SKC
5123	1	SKC
5124	1	SKC
5125	1	SKC
5126	1	SKC
5127	1	SKC
5128	1	SKC
5129	1	SKC
5130	1	SKC
5131	1	SKC
5132	1	SKC
5133	1	SKC
5134	1	SKC
5135	1	SKC
5136	1	SKC
5137	1	SKC
5138	1	SKC
5139	1	SKC
5140	1	SKC
5141	1	SKC
5142	1	SKC
5143	1	SKC
5144	1	SKC
5145	1	SKC
5146	1	SKC
5147	1	SKC
5148	1	SKC
5149	1	SKC
5150	1	SKC
5151	1	SKC
5152	1	SKC
5153	1	SKC
5154	1	SKC
5155	1	SKC
5156	1	SKC
5157	1	SKC
5158	1	SKC
5159	1	SKC
5160	1	SKC
5161	1	SKC
5162	1	SKC
5163	1	SKC
5164	1	SKC
5165	1	SKC
5166	1	SKC
5167	1	SKC
5168	1	SKC
5169	1	SKC
5170	1	SKC
5171	1	SKC
5172	1	SKC
5173	1	SKC
5174	1	SKC
5175	1	SKC
5176	1	SKC
5177	1	SKC
5178	1	SKC
5179	1	SKC
5180	1	SKC
5181	1	SKC
5182	1	SKC
5183	1	SKC
5184	1	SKC
5185	1	SKC
5186	1	SKC
5187	1	SKC
5188	1	SKC
5189	1	SKC
5190	1	SKC
5191	1	SKC
5192	1	SKC
5193	1	SKC
5194	1	SKC
5195	1	SKC
5196	1	SKC
5197	1	SKC
5198	1	SKC
5199	1	SKC
5200	1	SKC
5201	1	SKC
5202	1	SKC
5203	1	SKC
5204	1	SKC
5205	1	SKC
5206	1	SKC
5207	1	SKC
5208	1	SKC
5209	1	SKC
5210	1	SKC
5211	1	SKC
5212	1	SKC
5213	1	SKC
5214	1	SKC
5215	1	SKC
5216	1	SKC
5217	1	SKC
5218	1	SKC
5219	1	SKC
5220	1	SKC
5221	1	SKC
5222	1	SKC
5223	1	SKC
5224	1	SKC
5225	1	SKC
5226	1	SKC
5227	1	SKC
5228	1	SKC
5229	1	SKC
5230	1	SKC
5231	1	SKC
5232	1	SKC
5233	1	SKC
5234	1	SKC
5235	1	SKC
5236	1	SKC
5237	1	SKC
5238	1	SKC
5239	1	SKC
5240	1	SKC
5241	1	SKC
5242	1	SKC
5243	1	SKC
5244	1	SKC
5245	1	SKC
5246	1	SKC
5247	1	SKC
5248	1	SKC
5249	1	SKC
5250	1	SKC
5251	1	SKC
5252	1	SKC
5253	1	SKC
5254	1	SKC
5255	1	SKC
5256	1	SKC
5257	1	SKC
5258	1	SKC
5259	1	SKC
5260	1	SKC
5261	1	SKC
5262	1	SKC
5263	1	SKC
5264	1	SKC
5265	1	SKC
5266	1	SKC
5267	1	SKC
5268	1	SKC
5269	1	SKC
5270	1	SKC
5271	1	SKC
5272	1	SKC
5273	1	SKC
5274	1	SKC
5275	1	SKC
5276	1	SKC
5277	1	SKC
5278	1	SKC
5279	1	SKC
5280	1	SKC
5281	1	SKC
5282	1	SKC
5283	1	SKC
5284	1	SKC
5285	1	SKC
5286	1	SKC
5287	1	SKC
5288	1	SKC
5289	1	SKC
5290	1	SKC
5291	1	SKC
5292	1	SKC
5293	1	SKC
5294	1	SKC
5295	1	SKC
5296	1	SKC
5297	1	SKC
5298	1	SKC
5299	1	SKC
5300	1	SKC
5301	1	SKC
5302	1	SKC
5303	1	SKC
5304	1	SKC
5305	1	SKC
5306	1	SKC
5307	1	SKC
5308	1	SKC
5309	1	SKC
5310	1	SKC
5311	1	SKC
5312	1	SKC
5313	1	SKC
5314	1	SKC
5315	1	SKC
5316	1	SKC
5317	1	SKC
5318	1	SKC
5319	1	SKC
5320	1	SKC
5321	1	SKC
5322	1	SKC
5323	1	SKC
5324	1	SKC
5325	1	SKC
5326	1	SKC
5327	1	SKC
5328	1	SKC
5329	1	SKC
5330	1	SKC
5331	1	SKC
5332	1	SKC
5333	1	SKC
5334	1	SKC
5335	1	SKC
5336	1	SKC
5337	1	SKC
5338	1	SKC
5339	1	SKC
5340	1	SKC
5341	1	SKC
5342	1	SKC
5343	1	SKC
5344	1	SKC
5345	1	SKC
5346	1	SKC
5347	1	SKC
5348	1	SKC
5349	1	SKC
5350	1	SKC
5351	1	SKC
5352	1	SKC
5353	1	SKC
5354	1	SKC
5355	1	SKC
5356	1	SKC
5357	1	SKC
5358	1	SKC
5359	1	SKC
5360	1	SKC
5361	1	SKC
5362	1	SKC
5363	1	SKC
5364	1	SKC
5365	1	SKC
5366	1	SKC
5367	1	SKC
5368	1	SKC
5369	1	SKC
5370	1	SKC
5371	1	SKC
5372	1	SKC
5373	1	SKC
5374	1	SKC
5375	1	SKC
5376	1	SKC
5377	1	SKC
5378	1	SKC
5379	1	SKC
5380	1	SKC
5381	1	SKC
5382	1	SKC
5383	1	SKC
5384	1	SKC
5385	1	SKC
5386	1	SKC
5387	1	SKC
5388	1	SKC
5389	1	SKC
5390	1	SKC
5391	1	SKC
5392	1	SKC
5393	1	SKC
5394	1	SKC
5395	1	SKC
5396	1	SKC
5397	1	SKC
5398	1	SKC
5399	1	SKC
5400	1	SKC
5401	1	SKC
5402	1	SKC
5403	1	SKC
5404	1	SKC
5405	1	SKC
5406	1	SKC
5407	1	SKC
5408	1	SKC
5409	1	SKC
5410	1	SKC
5411	1	SKC
5412	1	SKC
5413	1	SKC
5414	1	SKC
5415	1	SKC
5416	1	SKC
5417	1	SKC
5418	1	SKC
5419	1	SKC
5420	1	SKC
5421	1	SKC
5422	1	SKC
5423	1	SKC
5424	1	SKC
5425	1	SKC
5426	1	SKC
5427	1	SKC
5428	1	SKC
5429	1	SKC
5430	1	SKC
5431	1	SKC
5432	1	SKC
5433	1	SKC
5434	1	SKC
5435	1	SKC
5436	1	SKC
5437	1	SKC
5438	1	SKC
5439	1	SKC
5440	1	SKC
5441	1	SKC
5442	1	SKC
5443	1	SKC
5444	1	SKC
5445	1	SKC
5446	1	SKC
5447	1	SKC
5448	1	SKC
5449	1	SKC
5450	1	SKC
5451	1	SKC
5452	1	SKC
5453	1	SKC
5454	1	SKC
5455	1	SKC
5456	1	SKC
5457	1	SKC
5458	1	SKC
5459	1	SKC
5460	1	SKC
5461	1	SKC
5462	1	SKC
5463	1	SKC
5464	1	SKC
5465	1	SKC
5466	1	SKC
5467	1	SKC
5468	1	SKC
5469	1	SKC
5470	1	SKC
5471	1	SKC
5472	1	SKC
5473	1	SKC
5474	1	SKC
5475	1	SKC
5476	1	SKC
5477	1	SKC
5478	1	SKC
5479	1	SKC
5480	1	SKC
5481	1	SKC
5482	1	SKC
5483	1	SKC
5484	1	SKC
5485	1	SKC
5486	1	SKC
5487	1	SKC
5488	1	SKC
5489	1	SKC
5490	1	SKC
5491	1	SKC
5492	1	SKC
5493	1	SKC
5494	1	SKC
5495	1	SKC
5496	1	SKC
5497	1	SKC
5498	1	SKC
5499	1	SKC
5500	1	SKC
5501	1	SKC
5502	1	SKC
5503	1	SKC
5504	1	SKC
5505	1	SKC
5506	1	SKC
5507	1	SKC
5508	1	SKC
5509	1	SKC
5510	1	SKC
5511	1	SKC
5512	1	SKC
5513	1	SKC
5514	1	SKC
5515	1	SKC
5516	1	SKC
5517	1	SKC
5518	1	SKC
5519	1	SKC
5520	1	SKC
5521	1	SKC
5522	1	SKC
5523	1	SKC
5524	1	SKC
5525	1	SKC
5526	1	SKC
5527	1	SKC
5528	1	SKC
5529	1	SKC
5530	1	SKC
5531	1	SKC
5532	1	SKC
5533	1	SKC
5534	1	SKC
5535	1	SKC
5536	1	SKC
5537	1	SKC
5538	1	SKC
5539	1	SKC
5540	1	SKC
5541	1	SKC
5542	1	SKC
5543	1	SKC
5544	1	SKC
5545	1	SKC
5546	1	SKC
5547	1	SKC
5548	1	SKC
5549	1	SKC
5550	1	SKC
5551	1	SKC
5552	1	SKC
5553	1	SKC
5554	1	SKC
5555	1	SKC
5556	1	SKC
5557	1	SKC
5558	1	SKC
5559	1	SKC
5560	1	SKC
5561	1	SKC
5562	1	SKC
5563	1	SKC
5564	1	SKC
5565	1	SKC
5566	1	SKC
5567	1	SKC
5568	1	SKC
5569	1	SKC
5570	1	SKC
5571	1	SKC
5572	1	SKC
5573	1	SKC
5574	1	SKC
5575	1	SKC
5576	1	SKC
5577	1	SKC
5578	1	SKC
5579	1	SKC
5580	1	SKC
5581	1	SKC
5582	1	SKC
5583	1	SKC
5584	1	SKC
5585	1	SKC
5586	1	SKC
5587	1	SKC
5588	1	SKC
5589	1	SKC
5590	1	SKC
5591	1	SKC
5592	1	SKC
5593	1	SKC
5594	1	SKC
5595	1	SKC
5596	1	SKC
5597	1	SKC
5598	1	SKC
5599	1	SKC
5600	1	SKC
5601	1	SKC
5602	1	SKC
5603	1	SKC
5604	1	SKC
5605	1	SKC
5606	1	SKC
5607	1	SKC
5608	1	SKC
5609	1	SKC
5610	1	SKC
5611	1	SKC
5612	1	SKC
5613	1	SKC
5614	1	SKC
5615	1	SKC
5616	1	SKC
5617	1	SKC
5618	1	SKC
5619	1	SKC
5620	1	SKC
5621	1	SKC
5622	1	SKC
5623	1	SKC
5624	1	SKC
5625	1	SKC
5626	1	SKC
5627	1	SKC
5628	1	SKC
5629	1	SKC
5630	1	SKC
5631	1	SKC
5632	1	SKC
5633	1	SKC
5634	1	SKC
5635	1	SKC
5636	1	SKC
5637	1	SKC
5638	1	SKC
5639	1	SKC
5640	1	SKC
5641	1	SKC
5642	1	SKC
5643	1	SKC
5644	1	SKC
5645	1	SKC
5646	1	SKC
5647	1	SKC
5648	1	SKC
5649	1	SKC
5650	1	SKC
5651	1	SKC
5652	1	SKC
5653	1	SKC
5654	1	SKC
5655	1	SKC
5656	1	SKC
5657	1	SKC
5658	1	SKC
5659	1	SKC
5660	1	SKC
5661	1	SKC
5662	1	SKC
5663	1	SKC
5664	1	SKC
5665	1	SKC
5666	1	SKC
5667	1	SKC
5668	1	SKC
5669	1	SKC
5670	1	SKC
5671	1	SKC
5672	1	SKC
5673	1	SKC
5674	1	SKC
5675	1	SKC
5676	1	SKC
5677	1	SKC
5678	1	SKC
5679	1	SKC
5680	1	SKC
5681	1	SKC
5682	1	SKC
5683	1	SKC
5684	1	SKC
5685	1	SKC
5686	1	SKC
5687	1	SKC
5688	1	SKC
5689	1	SKC
5690	1	SKC
5691	1	SKC
5692	1	SKC
5693	1	SKC
5694	1	SKC
5695	1	SKC
5696	1	SKC
5697	1	SKC
5698	1	SKC
5699	1	SKC
5700	1	SKC
5701	1	SKC
5702	1	SKC
5703	1	SKC
5704	1	SKC
5705	1	SKC
5706	1	SKC
5707	1	SKC
5708	1	SKC
5709	1	SKC
5710	1	SKC
5711	1	SKC
5712	1	SKC
5713	1	SKC
5714	1	SKC
5715	1	SKC
5716	1	SKC
5717	1	SKC
5718	1	SKC
5719	1	SKC
5720	1	SKC
5721	1	SKC
5722	1	SKC
5723	1	SKC
5724	1	SKC
5725	1	SKC
5726	1	SKC
5727	1	SKC
5728	1	SKC
5729	1	SKC
5730	1	SKC
5731	1	SKC
5732	1	SKC
5733	1	SKC
5734	1	SKC
5735	1	SKC
5736	1	SKC
5737	1	SKC
5738	1	SKC
5739	1	SKC
5740	1	SKC
5741	1	SKC
5742	1	SKC
5743	1	SKC
5744	1	SKC
5745	1	SKC
5746	1	SKC
5747	1	SKC
5748	1	SKC
5749	1	SKC
5750	1	SKC
5751	1	SKC
5752	1	SKC
5753	1	SKC
5754	1	SKC
5755	1	SKC
5756	1	SKC
5757	1	SKC
5758	1	SKC
5759	1	SKC
5760	1	SKC
5761	1	SKC
5762	1	SKC
5763	1	SKC
5764	1	SKC
5765	1	SKC
5766	1	SKC
5767	1	SKC
5768	1	SKC
5769	1	SKC
5770	1	SKC
5771	1	SKC
5772	1	SKC
5773	1	SKC
5774	1	SKC
5775	1	SKC
5776	1	SKC
5777	1	SKC
5778	1	SKC
5779	1	SKC
5780	1	SKC
5781	1	SKC
5782	1	SKC
5783	1	SKC
5784	1	SKC
5785	1	SKC
5786	1	SKC
5787	1	SKC
5788	1	SKC
5789	1	SKC
5790	1	SKC
5791	1	SKC
5792	1	SKC
5793	1	SKC
5794	1	SKC
5795	1	SKC
5796	1	SKC
5797	1	SKC
5798	1	SKC
5799	1	SKC
5800	1	SKC
5801	1	SKC
5802	1	SKC
5803	1	SKC
5804	1	SKC
5805	1	SKC
5806	1	SKC
5807	1	SKC
5808	1	SKC
5809	1	SKC
5810	1	SKC
5811	1	SKC
5812	1	SKC
5813	1	SKC
5814	1	SKC
5815	1	SKC
5816	1	SKC
5817	1	SKC
5818	1	SKC
5819	1	SKC
5820	1	SKC
5821	1	SKC
5822	1	SKC
5823	1	SKC
5824	1	SKC
5825	1	SKC
5826	1	SKC
5827	1	SKC
5828	1	SKC
5829	1	SKC
5830	1	SKC
5831	1	SKC
5832	1	SKC
5833	1	SKC
5834	1	SKC
5835	1	SKC
5836	1	SKC
5837	1	SKC
5838	1	SKC
5839	1	SKC
5840	1	SKC
5841	1	SKC
5842	1	SKC
5843	1	SKC
5844	1	SKC
5845	1	SKC
5846	1	SKC
5847	1	SKC
5848	1	SKC
5849	1	SKC
5850	1	SKC
5851	1	SKC
5852	1	SKC
5853	1	SKC
5854	1	SKC
5855	1	SKC
5856	1	SKC
5857	1	SKC
5858	1	SKC
5859	1	SKC
5860	1	SKC
5861	1	SKC
5862	1	SKC
5863	1	SKC
5864	1	SKC
5865	1	SKC
5866	1	SKC
5867	1	SKC
5868	1	SKC
5869	1	SKC
5870	1	SKC
5871	1	SKC
5872	1	SKC
5873	1	SKC
5874	1	SKC
5875	1	SKC
5876	1	SKC
5877	1	SKC
5878	1	SKC
5879	1	SKC
5880	1	SKC
5881	1	SKC
5882	1	SKC
5883	1	SKC
5884	1	SKC
5885	1	SKC
5886	1	SKC
5887	1	SKC
5888	1	SKC
5889	1	SKC
5890	1	SKC
5891	1	SKC
5892	1	SKC
5893	1	SKC
5894	1	SKC
5895	1	SKC
5896	1	SKC
5897	1	SKC
5898	1	SKC
5899	1	SKC
5900	1	SKC
5901	1	SKC
5902	1	SKC
5903	1	SKC
5904	1	SKC
5905	1	SKC
5906	1	SKC
5907	1	SKC
5908	1	SKC
5909	1	SKC
5910	1	SKC
5911	1	SKC
5912	1	SKC
5913	1	SKC
5914	1	SKC
5915	1	SKC
5916	1	SKC
5917	1	SKC
5918	1	SKC
5919	1	SKC
5920	1	SKC
5921	1	SKC
5922	1	SKC
5923	1	SKC
5924	1	SKC
5925	1	SKC
5926	1	SKC
5927	1	SKC
5928	1	SKC
5929	1	SKC
5930	1	SKC
5931	1	SKC
5932	1	SKC
5933	1	SKC
5934	1	SKC
5935	1	SKC
5936	1	SKC
5937	1	SKC
5938	1	SKC
5939	1	SKC
5940	1	SKC
5941	1	SKC
5942	1	SKC
5943	1	SKC
5944	1	SKC
5945	1	SKC
5946	1	SKC
5947	1	SKC
5948	1	SKC
5949	1	SKC
5950	1	SKC
5951	1	SKC
5952	1	SKC
5953	1	SKC
5954	1	SKC
5955	1	SKC
5956	1	SKC
5957	1	SKC
5958	1	SKC
5959	1	SKC
5960	1	SKC
5961	1	SKC
5962	1	SKC
5963	1	SKC
5964	1	SKC
5965	1	SKC
5966	1	SKC
5967	1	SKC
5968	1	SKC
5969	1	SKC
5970	1	SKC
5971	1	SKC
5972	1	SKC
5973	1	SKC
5974	1	SKC
5975	1	SKC
5976	1	SKC
5977	1	SKC
5978	1	SKC
5979	1	SKC
5980	1	SKC
5981	1	SKC
5982	1	SKC
5983	1	SKC
5984	1	SKC
5985	1	SKC
5986	1	SKC
5987	1	SKC
5988	1	SKC
5989	1	SKC
5990	1	SKC
5991	1	SKC
5992	1	SKC
5993	1	SKC
5994	1	SKC
5995	1	SKC
5996	1	SKC
5997	1	SKC
5998	1	SKC
5999	1	SKC
6000	1	SKC
6001	1	SKC
6002	1	SKC
6003	1	SKC
6004	1	SKC
6005	1	SKC
6006	1	SKC
6007	1	SKC
6008	1	SKC
6009	1	SKC
6010	1	SKC
6011	1	SKC
6012	1	SKC
6013	1	SKC
6014	1	SKC
6015	1	SKC
6016	1	SKC
6017	1	SKC
6018	1	SKC
6019	1	SKC
6020	1	SKC
6021	1	SKC
6022	1	SKC
6023	1	SKC
6024	1	SKC
6025	1	SKC
6026	1	SKC
6027	1	SKC
6028	1	SKC
6029	1	SKC
6030	1	SKC
6031	1	SKC
6032	1	SKC
6033	1	SKC
6034	1	SKC
6035	1	SKC
6036	1	SKC
6037	1	SKC
6038	1	SKC
6039	1	SKC
6040	1	SKC
6041	1	SKC
6042	1	SKC
6043	1	SKC
6044	1	SKC
6045	1	SKC
6046	1	SKC
6047	1	SKC
6048	1	SKC
6049	1	SKC
6050	1	SKC
6051	1	SKC
6052	1	SKC
6053	1	SKC
6054	1	SKC
6055	1	SKC
6056	1	SKC
6057	1	SKC
6058	1	SKC
6059	1	SKC
6060	1	SKC
6061	1	SKC
6062	1	SKC
6063	1	SKC
6064	1	SKC
6065	1	SKC
6066	1	SKC
6067	1	SKC
6068	1	SKC
6069	1	SKC
6070	1	SKC
6071	1	SKC
6072	1	SKC
6073	1	SKC
6074	1	SKC
6075	1	SKC
6076	1	SKC
6077	1	SKC
6078	1	SKC
6079	1	SKC
6080	1	SKC
6081	1	SKC
6082	1	SKC
6083	1	SKC
6084	1	SKC
6085	1	SKC
6086	1	SKC
6087	1	SKC
6088	1	SKC
6089	1	SKC
6090	1	SKC
6091	1	SKC
6092	1	SKC
6093	1	SKC
6094	1	SKC
6095	1	SKC
6096	1	SKC
6097	1	SKC
6098	1	SKC
6099	1	SKC
6100	1	SKC
6101	1	SKC
6102	1	SKC
6103	1	SKC
6104	1	SKC
6105	1	SKC
6106	1	SKC
6107	1	SKC
6108	1	SKC
6109	1	SKC
6110	1	SKC
6111	1	SKC
6112	1	SKC
6113	1	SKC
6114	1	SKC
6115	1	SKC
6116	1	SKC
6117	1	SKC
6118	1	SKC
6119	1	SKC
6120	1	SKC
6121	1	SKC
6122	1	SKC
6123	1	SKC
6124	1	SKC
6125	1	SKC
6126	1	SKC
6127	1	SKC
6128	1	SKC
6129	1	SKC
6130	1	SKC
6131	1	SKC
6132	1	SKC
6133	1	SKC
6134	1	SKC
6135	1	SKC
6136	1	SKC
6137	1	SKC
6138	1	SKC
6139	1	SKC
6140	1	SKC
6141	1	SKC
6142	1	SKC
6143	1	SKC
6144	1	SKC
6145	1	SKC
6146	1	SKC
6147	1	SKC
6148	1	SKC
6149	1	SKC
6150	1	SKC
6151	1	SKC
6152	1	SKC
6153	1	SKC
6154	1	SKC
6155	1	SKC
6156	1	SKC
6157	1	SKC
6158	1	SKC
6159	1	SKC
6160	1	SKC
6161	1	SKC
6162	1	SKC
6163	1	SKC
6164	1	SKC
6165	1	SKC
6166	1	SKC
6167	1	SKC
6168	1	SKC
6169	1	SKC
6170	1	SKC
6171	1	SKC
6172	1	SKC
6173	1	SKC
6174	1	SKC
6175	1	SKC
6176	1	SKC
6177	1	SKC
6178	1	SKC
6179	1	SKC
6180	1	SKC
6181	1	SKC
6182	1	SKC
6183	1	SKC
6184	1	SKC
6185	1	SKC
6186	1	SKC
6187	1	SKC
6188	1	SKC
6189	1	SKC
6190	1	SKC
6191	1	SKC
6192	1	SKC
6193	1	SKC
6194	1	SKC
6195	1	SKC
6196	1	SKC
6197	1	SKC
6198	1	SKC
6199	1	SKC
6200	1	SKC
6201	1	SKC
6202	1	SKC
6203	1	SKC
6204	1	SKC
6205	1	SKC
6206	1	SKC
6207	1	SKC
6208	1	SKC
6209	1	SKC
6210	1	SKC
6211	1	SKC
6212	1	SKC
6213	1	SKC
6214	1	SKC
6215	1	SKC
6216	1	SKC
6217	1	SKC
6218	1	SKC
6219	1	SKC
6220	1	SKC
6221	1	SKC
6222	1	SKC
6223	1	SKC
6224	1	SKC
6225	1	SKC
6226	1	SKC
6227	1	SKC
6228	1	SKC
6229	1	SKC
6230	1	SKC
6231	1	SKC
6232	1	SKC
6233	1	SKC
6234	1	SKC
6235	1	SKC
6236	1	SKC
6237	1	SKC
6238	1	SKC
6239	1	SKC
6240	1	SKC
6241	1	SKC
6242	1	SKC
6243	1	SKC
6244	1	SKC
6245	1	SKC
6246	1	SKC
6247	1	SKC
6248	1	SKC
6249	1	SKC
6250	1	SKC
6251	1	SKC
6252	1	SKC
6253	1	SKC
6254	1	SKC
6255	1	SKC
6256	1	SKC
6257	1	SKC
6258	1	SKC
6259	1	SKC
6260	1	SKC
6261	1	SKC
6262	1	SKC
6263	1	SKC
6264	1	SKC
6265	1	SKC
6266	1	SKC
6267	1	SKC
6268	1	SKC
6269	1	SKC
6270	1	SKC
6271	1	SKC
6272	1	SKC
6273	1	SKC
6274	1	SKC
6275	1	SKC
6276	1	SKC
6277	1	SKC
6278	1	SKC
6279	1	SKC
6280	1	SKC
6281	1	SKC
6282	1	SKC
6283	1	SKC
6284	1	SKC
6285	1	SKC
6286	1	SKC
6287	1	SKC
6288	1	SKC
6289	1	SKC
6290	1	SKC
6291	1	SKC
6292	1	SKC
6293	1	SKC
6294	1	SKC
6295	1	SKC
6296	1	SKC
6297	1	SKC
6298	1	SKC
6299	1	SKC
6300	1	SKC
6301	1	SKC
6302	1	SKC
6303	1	SKC
6304	1	SKC
6305	1	SKC
6306	1	SKC
6307	1	SKC
6308	1	SKC
6309	1	SKC
6310	1	SKC
6311	1	SKC
6312	1	SKC
6313	1	SKC
6314	1	SKC
6315	1	SKC
6316	1	SKC
6317	1	SKC
6318	1	SKC
6319	1	SKC
6320	1	SKC
6321	1	SKC
6322	1	SKC
6323	1	SKC
6324	1	SKC
6325	1	SKC
6326	1	SKC
6327	1	SKC
6328	1	SKC
6329	1	SKC
6330	1	SKC
6331	1	SKC
6332	1	SKC
6333	1	SKC
6334	1	SKC
6335	1	SKC
6336	1	SKC
6337	1	SKC
6338	1	SKC
6339	1	SKC
6340	1	SKC
6341	1	SKC
6342	1	SKC
6343	1	SKC
6344	1	SKC
6345	1	SKC
6346	1	SKC
6347	1	SKC
6348	1	SKC
6349	1	SKC
6350	1	SKC
6351	1	SKC
6352	1	SKC
6353	1	SKC
6354	1	SKC
6355	1	SKC
6356	1	SKC
6357	1	SKC
6358	1	SKC
6359	1	SKC
6360	1	SKC
6361	1	SKC
6362	1	SKC
6363	1	SKC
6364	1	SKC
6365	1	SKC
6366	1	SKC
6367	1	SKC
6368	1	SKC
6369	1	SKC
6370	1	SKC
6371	1	SKC
6372	1	SKC
6373	1	SKC
6374	1	SKC
6375	1	SKC
6376	1	SKC
6377	1	SKC
6378	1	SKC
6379	1	SKC
6380	1	SKC
6381	1	SKC
6382	1	SKC
6383	1	SKC
6384	1	SKC
6385	1	SKC
6386	1	SKC
6387	1	SKC
6388	1	SKC
6389	1	SKC
6390	1	SKC
6391	1	SKC
6392	1	SKC
6393	1	SKC
6394	1	SKC
6395	1	SKC
6396	1	SKC
6397	1	SKC
6398	1	SKC
6399	1	SKC
6400	1	SKC
6401	1	SKC
6402	1	SKC
6403	1	SKC
6404	1	SKC
6405	1	SKC
6406	1	SKC
6407	1	SKC
6408	1	SKC
6409	1	SKC
6410	1	SKC
6411	1	SKC
6412	1	SKC
6413	1	SKC
6414	1	SKC
6415	1	SKC
6416	1	SKC
6417	1	SKC
6418	1	SKC
6419	1	SKC
6420	1	SKC
6421	1	SKC
6422	1	SKC
6423	1	SKC
6424	1	SKC
6425	1	SKC
6426	1	SKC
6427	1	SKC
6428	1	SKC
6429	1	SKC
6430	1	SKC
6431	1	SKC
6432	1	SKC
6433	1	SKC
6434	1	SKC
6435	1	SKC
6436	1	SKC
6437	1	SKC
6438	1	SKC
6439	1	SKC
6440	1	SKC
6441	1	SKC
6442	1	SKC
6443	1	SKC
6444	1	SKC
6445	1	SKC
6446	1	SKC
6447	1	SKC
6448	1	SKC
6449	1	SKC
6450	1	SKC
6451	1	SKC
6452	1	SKC
6453	1	SKC
6454	1	SKC
6455	1	SKC
6456	1	SKC
6457	1	SKC
6458	1	SKC
6459	1	SKC
6460	1	SKC
6461	1	SKC
6462	1	SKC
6463	1	SKC
6464	1	SKC
6465	1	SKC
6466	1	SKC
6467	1	SKC
6468	1	SKC
6469	1	SKC
6470	1	SKC
6471	1	SKC
6472	1	SKC
6473	1	SKC
6474	1	SKC
6475	1	SKC
6476	1	SKC
6477	1	SKC
6478	1	SKC
6479	1	SKC
6480	1	SKC
6481	1	SKC
6482	1	SKC
6483	1	SKC
6484	1	SKC
6485	1	SKC
6486	1	SKC
6487	1	SKC
6488	1	SKC
6489	1	SKC
6490	1	SKC
6491	1	SKC
6492	1	SKC
6493	1	SKC
6494	1	SKC
6495	1	SKC
6496	1	SKC
6497	1	SKC
6498	1	SKC
6499	1	SKC
6500	1	SKC
6501	1	SKC
6502	1	SKC
6503	1	SKC
6504	1	SKC
6505	1	SKC
6506	1	SKC
6507	1	SKC
6508	1	SKC
6509	1	SKC
6510	1	SKC
6511	1	SKC
6512	1	SKC
6513	1	SKC
6514	1	SKC
6515	1	SKC
6516	1	SKC
6517	1	SKC
6518	1	SKC
6519	1	SKC
6520	1	SKC
6521	1	SKC
6522	1	SKC
6523	1	SKC
6524	1	SKC
6525	1	SKC
6526	1	SKC
6527	1	SKC
6528	1	SKC
6529	1	SKC
6530	1	SKC
6531	1	SKC
6532	1	SKC
6533	1	SKC
6534	1	SKC
6535	1	SKC
6536	1	SKC
6537	1	SKC
6538	1	SKC
6539	1	SKC
6540	1	SKC
6541	1	SKC
6542	1	SKC
6543	1	SKC
6544	1	SKC
6545	1	SKC
6546	1	SKC
6547	1	SKC
6548	1	SKC
6549	1	SKC
6550	1	SKC
6551	1	SKC
6552	1	SKC
6553	1	SKC
6554	1	SKC
6555	1	SKC
6556	1	SKC
6557	1	SKC
6558	1	SKC
6559	1	SKC
6560	1	SKC
6561	1	SKC
6562	1	SKC
6563	1	SKC
6564	1	SKC
6565	1	SKC
6566	1	SKC
6567	1	SKC
6568	1	SKC
6569	1	SKC
6570	1	SKC
6571	1	SKC
6572	1	SKC
6573	1	SKC
6574	1	SKC
6575	1	SKC
6576	1	SKC
6577	1	SKC
6578	1	SKC
6579	1	SKC
6580	1	SKC
6581	1	SKC
6582	1	SKC
6583	1	SKC
6584	1	SKC
6585	1	SKC
6586	1	SKC
6587	1	SKC
6588	1	SKC
6589	1	SKC
6590	1	SKC
6591	1	SKC
6592	1	SKC
6593	1	SKC
6594	1	SKC
6595	1	SKC
6596	1	SKC
6597	1	SKC
6598	1	SKC
6599	1	SKC
6600	1	SKC
6601	1	SKC
6602	1	SKC
6603	1	SKC
6604	1	SKC
6605	1	SKC
6606	1	SKC
6607	1	SKC
6608	1	SKC
6609	1	SKC
6610	1	SKC
6611	1	SKC
6612	1	SKC
